,Location,Period,Gender,Life_Expectancy,Healthy_Life_Expectancy,%Mrt30_70_crdo_cncr_dbts_rsprtry,Suicide100000,Ttl_alc_percapita_15+
0,Afghanistan,2015,Both sexes,61.65,52.6,29.8,4.8,0.21
1,Afghanistan,2015,Male,61.04,52.78,31.9,7.8,0.35
2,Afghanistan,2015,Female,62.35,52.44,27.8,1.5,0.054000000000000006
3,Afghanistan,2010,Both sexes,59.94,51.13,31.7,5.1,0.21
4,Afghanistan,2010,Male,59.6,51.51,34.1,8.6,0.36
5,Afghanistan,2010,Female,60.3,50.75,29.4,1.4,0.054000000000000006
6,Albania,2015,Both sexes,77.84,69.03,17.4,6.0,6.74
7,Albania,2015,Male,76.1,67.99,20.9,7.6,10.92
8,Albania,2015,Female,79.69,70.12,13.7,4.4,2.53
9,Albania,2010,Both sexes,76.25,67.57,18.6,7.8,7.69
10,Albania,2010,Male,74.23,66.34,22.3,9.5,12.47
11,Albania,2010,Female,78.31,68.85,14.6,6.1,2.98
12,Albania,2000,Both sexes,73.55,65.24,19.4,5.5,6.57
13,Albania,2000,Male,70.65,63.15,23.1,7.4,10.6
14,Albania,2000,Female,76.92,67.69,14.9,3.5,2.5
15,Algeria,2015,Both sexes,76.54,65.99,14.4,3.2,0.93
16,Algeria,2015,Male,75.65,66.33,15.4,4.8,1.61
17,Algeria,2015,Female,77.5,65.67,13.3,1.7,0.25
18,Algeria,2010,Both sexes,75.85,65.53,15.4,3.3,0.65
19,Algeria,2010,Male,74.95,65.85,16.4,4.9,1.12
20,Algeria,2010,Female,76.79,65.22,14.4,1.8,0.18
21,Algeria,2000,Both sexes,72.21,62.71,21.1,4.1,0.58
22,Algeria,2000,Male,70.94,62.63,23.1,5.6,1.0
23,Algeria,2000,Female,73.54,62.8,19.1,2.5,0.16
24,Angola,2015,Both sexes,61.72,53.66,16.9,5.0,7.96
25,Angola,2015,Male,59.13,52.18,17.6,7.5,12.64
26,Angola,2015,Female,64.5,55.28,16.3,2.6,3.58
27,Angola,2010,Both sexes,58.07,50.57,18.1,5.7,8.16
28,Angola,2010,Male,55.78,49.27,18.6,8.7,12.92
29,Angola,2010,Female,60.53,51.97,17.8,2.8,3.69
30,Angola,2000,Both sexes,49.3,42.87,24.0,7.9,2.76
31,Angola,2000,Male,46.77,41.18,24.2,11.9,4.42
32,Angola,2000,Female,52.12,44.74,23.8,4.0,1.2
33,Antigua and Barbuda,2015,Both sexes,76.14,66.81,22.6,0.8,5.89
34,Antigua and Barbuda,2015,Male,74.43,65.94,25.5,0.0,9.49
35,Antigua and Barbuda,2015,Female,77.76,67.66,19.7,1.5,2.67
36,Antigua and Barbuda,2010,Both sexes,75.95,66.7,21.6,0.3,5.6
37,Antigua and Barbuda,2010,Male,73.56,65.28,24.2,0.5,9.05
38,Antigua and Barbuda,2010,Female,78.25,68.09,19.3,0.0,2.53
39,Antigua and Barbuda,2000,Both sexes,74.56,65.53,23.4,2.0,5.13
40,Antigua and Barbuda,2000,Male,72.0,63.93,26.8,4.2,8.37
41,Antigua and Barbuda,2000,Female,76.95,67.04,20.8,0.1,2.31
42,Argentina,2015,Both sexes,76.17,66.86,16.1,8.8,9.55
43,Argentina,2015,Male,72.92,64.94,20.2,14.5,14.79
44,Argentina,2015,Female,79.3,68.7,12.4,3.4,4.66
45,Argentina,2010,Both sexes,75.44,66.3,17.8,8.7,9.09
46,Argentina,2010,Male,72.14,64.37,22.8,14.3,14.09
47,Argentina,2010,Female,78.63,68.17,13.2,3.3,4.43
48,Argentina,2000,Both sexes,74.09,65.14,20.6,9.5,8.75
49,Argentina,2000,Male,70.34,62.83,26.9,15.6,13.66
50,Argentina,2000,Female,77.83,67.46,14.7,3.7,4.17
51,Armenia,2015,Both sexes,74.51,66.0,23.0,7.0,5.84
52,Armenia,2015,Male,70.88,63.67,31.6,11.5,9.63
53,Armenia,2015,Female,77.83,68.14,15.7,3.0,2.69
54,Armenia,2010,Both sexes,73.12,64.84,25.9,6.0,5.69
55,Armenia,2010,Male,69.39,62.36,35.1,10.1,9.4
56,Armenia,2010,Female,76.61,67.18,17.9,2.4,2.63
57,Armenia,2000,Both sexes,71.88,63.5,27.8,3.3,4.23
58,Armenia,2000,Male,68.59,61.19,35.4,5.5,7.02
59,Armenia,2000,Female,74.91,65.64,21.0,1.3,1.92
60,Australia,2015,Both sexes,82.28,70.56,9.3,13.8,10.83
61,Australia,2015,Male,80.41,69.74,11.3,20.4,16.44
62,Australia,2015,Female,84.17,71.4,7.3,7.2,5.33
63,Australia,2010,Both sexes,81.9,70.17,10.0,12.5,12.39
64,Australia,2010,Male,79.84,69.16,12.1,18.6,18.73
65,Australia,2010,Female,83.99,71.19,7.8,6.3,6.13
66,Australia,2000,Both sexes,79.69,68.57,13.1,13.2,11.72
67,Australia,2000,Male,77.13,67.16,16.1,20.4,17.86
68,Australia,2000,Female,82.24,69.97,10.0,6.1,5.73
69,Austria,2015,Both sexes,80.98,70.39,11.5,16.0,12.07
70,Austria,2015,Male,78.6,69.17,14.6,24.9,18.7
71,Austria,2015,Female,83.29,71.56,8.5,7.5,5.82
72,Austria,2010,Both sexes,80.39,69.92,12.2,16.0,12.2
73,Austria,2010,Male,77.65,68.34,15.8,25.0,18.96
74,Austria,2010,Female,82.99,71.4,8.7,7.5,5.89
75,Austria,2000,Both sexes,78.17,68.18,15.3,20.0,13.12
76,Austria,2000,Male,75.09,66.35,20.0,30.0,20.42
77,Austria,2000,Female,80.98,69.81,10.7,10.5,6.37
78,Azerbaijan,2015,Both sexes,70.67,63.09,22.5,2.7,4.58
79,Azerbaijan,2015,Male,67.94,61.5,29.1,4.3,7.82
80,Azerbaijan,2015,Female,73.43,64.72,16.4,1.1,1.52
81,Azerbaijan,2010,Both sexes,69.03,61.71,24.8,3.1,2.97
82,Azerbaijan,2010,Male,66.29,60.06,31.3,5.0,5.07
83,Azerbaijan,2010,Female,71.83,63.41,18.9,1.2,0.99
84,Azerbaijan,2000,Both sexes,65.52,58.5,29.3,2.2,3.45
85,Azerbaijan,2000,Male,62.57,56.62,36.1,3.5,5.99
86,Azerbaijan,2000,Female,68.5,60.41,22.9,0.9,1.14
87,Bahamas,2015,Both sexes,72.92,64.17,15.6,1.8,4.55
88,Bahamas,2015,Male,69.73,62.18,18.8,3.0,7.24
89,Bahamas,2015,Female,76.08,66.16,12.8,0.5,2.03
90,Bahamas,2010,Both sexes,72.96,64.31,16.9,2.0,4.12
91,Bahamas,2010,Male,69.64,62.2,20.3,3.4,6.55
92,Bahamas,2010,Female,76.25,66.41,13.8,0.6,1.85
93,Bahamas,2000,Both sexes,70.94,62.69,20.1,2.0,5.58
94,Bahamas,2000,Male,67.64,60.57,23.9,3.4,8.82
95,Bahamas,2000,Female,74.19,64.78,16.7,0.7,2.59
96,Bahrain,2015,Both sexes,76.46,66.24,11.7,5.9,1.3
97,Bahrain,2015,Male,75.87,66.55,11.4,8.3,1.8
98,Bahrain,2015,Female,77.27,65.55,12.2,2.0,0.38
99,Bahrain,2010,Both sexes,74.52,65.04,13.8,5.2,1.69
100,Bahrain,2010,Male,73.85,65.28,14.2,6.9,2.33
101,Bahrain,2010,Female,75.34,64.35,13.7,2.4,0.49
102,Bahrain,2000,Both sexes,70.47,61.88,23.5,6.7,1.74
103,Bahrain,2000,Male,69.55,61.98,22.7,9.4,2.53
104,Bahrain,2000,Female,71.77,61.63,24.3,3.1,0.54
105,Bangladesh,2015,Both sexes,73.58,63.76,21.7,6.1,0.021
106,Bangladesh,2015,Male,72.5,63.82,22.7,4.7,0.036000000000000004
107,Bangladesh,2015,Female,74.79,63.74,20.7,7.4,0.006
108,Bangladesh,2010,Both sexes,70.29,61.22,22.2,6.4,0.16
109,Bangladesh,2010,Male,68.63,60.83,22.4,4.3,0.28
110,Bangladesh,2010,Female,72.22,61.71,21.9,8.5,0.044000000000000004
111,Bangladesh,2000,Both sexes,65.59,57.05,21.4,6.7,0.23
112,Bangladesh,2000,Male,64.07,56.62,19.7,5.7,0.39
113,Bangladesh,2000,Female,67.36,57.55,23.1,7.7,0.061
114,Barbados,2015,Both sexes,76.22,67.21,16.3,0.7,9.33
115,Barbados,2015,Male,75.01,66.84,19.9,1.0,15.38
116,Barbados,2015,Female,77.36,67.55,13.1,0.5,3.93
117,Barbados,2010,Both sexes,75.88,67.0,18.0,2.1,7.95
118,Barbados,2010,Male,74.46,66.44,22.0,3.0,13.09
119,Barbados,2010,Female,77.2,67.52,14.6,1.3,3.35
120,Barbados,2000,Both sexes,74.5,65.96,21.0,2.1,7.11
121,Barbados,2000,Male,72.13,64.61,25.1,3.7,11.69
122,Barbados,2000,Female,76.72,67.22,17.6,0.6,3.0
123,Belarus,2015,Both sexes,73.82,65.06,24.5,26.3,12.0
124,Belarus,2015,Male,68.56,61.22,36.4,47.0,19.5
125,Belarus,2015,Female,78.79,68.68,14.4,8.3,5.72
126,Belarus,2010,Both sexes,70.39,62.26,31.0,38.2,17.43
127,Belarus,2010,Male,64.55,57.91,45.2,68.1,27.68
128,Belarus,2010,Female,76.41,66.74,18.4,12.3,8.83
129,Belarus,2000,Both sexes,68.85,60.82,34.0,43.1,15.17
130,Belarus,2000,Male,63.28,56.63,47.2,76.6,24.47
131,Belarus,2000,Female,74.61,65.16,22.1,13.5,7.26
132,Belgium,2015,Both sexes,80.71,69.99,11.6,20.1,11.82
133,Belgium,2015,Male,78.48,69.11,14.4,27.0,18.33
134,Belgium,2015,Female,82.86,70.83,8.8,13.4,5.62
135,Belgium,2010,Both sexes,79.85,69.21,12.8,21.3,11.4
136,Belgium,2010,Male,77.24,68.0,16.2,29.3,17.71
137,Belgium,2010,Female,82.38,70.36,9.6,13.6,5.4
138,Belgium,2000,Both sexes,77.66,67.84,15.2,22.7,12.49
139,Belgium,2000,Male,74.54,66.12,20.1,31.9,19.41
140,Belgium,2000,Female,80.74,69.52,10.6,14.0,5.96
141,Belize,2015,Both sexes,74.05,65.06,22.4,4.8,6.74
142,Belize,2015,Male,71.14,63.33,25.7,7.9,10.76
143,Belize,2015,Female,77.29,67.0,18.8,1.7,2.8
144,Belize,2010,Both sexes,73.39,64.57,23.2,4.9,7.08
145,Belize,2010,Male,70.89,63.15,26.0,8.0,11.25
146,Belize,2010,Female,76.12,66.12,20.0,1.9,2.95
147,Belize,2000,Both sexes,70.34,62.29,26.2,5.5,5.55
148,Belize,2000,Male,67.18,60.34,29.7,9.0,8.79
149,Belize,2000,Female,74.02,64.57,22.7,2.0,2.29
150,Benin,2015,Both sexes,61.96,54.29,19.7,9.9,2.97
151,Benin,2015,Male,59.66,53.18,20.0,13.9,4.79
152,Benin,2015,Female,64.25,55.39,19.4,6.0,1.21
153,Benin,2010,Both sexes,60.47,53.0,19.8,9.6,2.47
154,Benin,2010,Male,58.03,51.74,20.1,13.4,4.0
155,Benin,2010,Female,62.88,54.25,19.5,5.9,1.01
156,Benin,2000,Both sexes,56.59,49.59,20.0,9.5,2.46
157,Benin,2000,Male,54.31,48.44,20.8,13.2,4.0
158,Benin,2000,Female,58.77,50.69,19.3,6.0,1.02
159,Bhutan,2015,Both sexes,72.15,62.6,23.7,11.6,0.42
160,Bhutan,2015,Male,71.05,62.46,22.4,14.1,0.65
161,Bhutan,2015,Female,73.45,62.74,25.4,8.7,0.15
162,Bhutan,2010,Both sexes,71.01,61.67,25.1,11.1,0.92
163,Bhutan,2010,Male,69.87,61.51,23.7,13.4,1.43
164,Bhutan,2010,Female,72.35,61.83,26.8,8.4,0.33
165,Bhutan,2000,Both sexes,65.7,57.06,30.8,12.4,2.77
166,Bhutan,2000,Male,64.88,57.2,28.8,15.2,4.43
167,Bhutan,2000,Female,66.59,56.88,33.1,9.6,0.99
168,Bolivia (Plurinational State of),2015,Both sexes,71.52,62.73,17.4,12.4,4.64
169,Bolivia (Plurinational State of),2015,Male,70.59,62.72,17.8,15.9,7.12
170,Bolivia (Plurinational State of),2015,Female,72.45,62.75,17.0,8.8,2.19
171,Bolivia (Plurinational State of),2010,Both sexes,70.34,61.72,18.8,14.1,5.56
172,Bolivia (Plurinational State of),2010,Male,69.44,61.71,19.1,17.7,8.55
173,Bolivia (Plurinational State of),2010,Female,71.25,61.73,18.5,10.4,2.61
174,Bolivia (Plurinational State of),2000,Both sexes,66.02,57.89,23.0,16.4,3.44
175,Bolivia (Plurinational State of),2000,Male,64.81,57.61,23.3,20.0,5.28
176,Bolivia (Plurinational State of),2000,Female,67.25,58.18,22.7,12.7,1.63
177,Bosnia and Herzegovina,2015,Both sexes,76.32,66.97,18.2,8.9,6.92
178,Bosnia and Herzegovina,2015,Male,73.94,65.42,23.6,14.3,11.46
179,Bosnia and Herzegovina,2015,Female,78.65,68.47,13.2,3.7,2.62
180,Bosnia and Herzegovina,2010,Both sexes,76.19,66.98,20.9,8.0,7.32
181,Bosnia and Herzegovina,2010,Male,73.85,65.4,26.6,12.9,12.09
182,Bosnia and Herzegovina,2010,Female,78.47,68.5,15.7,3.3,2.81
183,Bosnia and Herzegovina,2000,Both sexes,75.42,66.17,24.4,10.7,6.37
184,Bosnia and Herzegovina,2000,Male,72.6,64.21,30.5,17.3,10.56
185,Bosnia and Herzegovina,2000,Female,78.03,67.97,18.8,4.4,2.42
186,Botswana,2015,Both sexes,60.93,52.78,20.7,9.7,6.86
187,Botswana,2015,Male,57.83,50.94,23.7,14.8,11.31
188,Botswana,2015,Female,63.93,54.59,18.2,4.6,2.6
189,Botswana,2010,Both sexes,58.14,50.56,22.2,11.1,8.62
190,Botswana,2010,Male,55.14,48.75,25.6,17.1,14.22
191,Botswana,2010,Female,61.36,52.55,19.5,5.3,3.25
192,Botswana,2000,Both sexes,45.59,40.08,23.1,11.8,9.05
193,Botswana,2000,Male,43.9,39.18,27.6,19.7,15.02
194,Botswana,2000,Female,47.77,41.4,19.6,4.1,3.39
195,Brazil,2015,Both sexes,75.13,64.7,17.0,6.5,7.86
196,Brazil,2015,Male,71.67,62.76,20.5,9.9,12.5
197,Brazil,2015,Female,78.64,66.65,13.8,3.2,3.46
198,Brazil,2010,Both sexes,74.09,63.95,19.0,5.7,8.49
199,Brazil,2010,Male,70.57,61.99,23.0,8.7,13.48
200,Brazil,2010,Female,77.68,65.95,15.4,2.8,3.76
201,Brazil,2000,Both sexes,71.47,61.66,24.4,4.8,8.78
202,Brazil,2000,Male,67.9,59.6,29.2,7.6,13.93
203,Brazil,2000,Female,75.18,63.82,20.0,2.0,3.88
204,Brunei Darussalam,2015,Both sexes,74.4,65.71,17.0,4.5,0.46
205,Brunei Darussalam,2015,Male,73.38,65.16,18.7,6.2,0.69
206,Brunei Darussalam,2015,Female,75.5,66.28,15.3,2.6,0.22
207,Brunei Darussalam,2010,Both sexes,74.57,65.76,17.4,3.7,0.51
208,Brunei Darussalam,2010,Male,73.35,65.09,19.0,5.3,0.76
209,Brunei Darussalam,2010,Female,75.84,66.46,15.8,2.0,0.24
210,Brunei Darussalam,2000,Both sexes,72.2,63.89,20.5,2.8,0.23
211,Brunei Darussalam,2000,Male,70.86,63.12,22.6,4.1,0.34
212,Brunei Darussalam,2000,Female,73.68,64.76,18.3,1.4,0.11
213,Bulgaria,2015,Both sexes,74.55,65.91,23.8,11.4,12.34
214,Bulgaria,2015,Male,71.17,63.53,32.2,18.1,19.69
215,Bulgaria,2015,Female,78.04,68.36,15.7,5.1,5.52
216,Bulgaria,2010,Both sexes,73.64,65.2,25.1,12.5,11.32
217,Bulgaria,2010,Male,70.19,62.72,33.7,19.4,18.02
218,Bulgaria,2010,Female,77.23,67.77,16.8,6.0,5.06
219,Bulgaria,2000,Both sexes,71.61,63.54,28.5,18.5,11.8
220,Bulgaria,2000,Male,68.4,61.19,36.9,27.2,18.93
221,Bulgaria,2000,Female,74.97,66.0,20.2,10.2,5.15
222,Burkina Faso,2015,Both sexes,60.92,53.35,21.9,7.7,11.83
223,Burkina Faso,2015,Male,58.24,51.86,22.6,10.2,19.87
224,Burkina Faso,2015,Female,63.45,54.76,21.4,5.3,4.14
225,Burkina Faso,2010,Both sexes,58.59,51.2,22.4,7.5,8.58
226,Burkina Faso,2010,Male,56.19,49.76,23.1,10.3,14.49
227,Burkina Faso,2010,Female,60.79,52.52,21.8,4.8,3.02
228,Burkina Faso,2000,Both sexes,51.64,44.88,22.6,8.2,8.4
229,Burkina Faso,2000,Male,49.92,43.9,24.0,11.7,14.26
230,Burkina Faso,2000,Female,53.14,45.74,21.5,4.8,3.04
231,Burundi,2015,Both sexes,62.05,53.96,22.8,8.9,7.03
232,Burundi,2015,Male,59.84,52.37,23.0,13.1,11.59
233,Burundi,2015,Female,64.26,55.56,22.7,4.8,2.74
234,Burundi,2010,Both sexes,58.6,50.88,22.8,9.0,7.66
235,Burundi,2010,Male,56.86,49.63,22.5,12.9,12.61
236,Burundi,2010,Female,60.32,52.11,23.1,5.2,2.98
237,Burundi,2000,Both sexes,43.78,38.13,23.5,7.1,9.82
238,Burundi,2000,Male,41.79,36.64,22.3,9.4,16.16
239,Burundi,2000,Female,45.85,39.68,24.7,4.8,3.86
240,Cabo Verde,2015,Both sexes,74.88,65.25,17.4,11.0,5.95
241,Cabo Verde,2015,Male,72.18,63.66,19.1,16.1,9.37
242,Cabo Verde,2015,Female,77.59,66.85,16.1,6.1,2.59
243,Cabo Verde,2010,Both sexes,74.12,64.53,18.3,11.1,7.51
244,Cabo Verde,2010,Male,70.83,62.53,20.0,15.7,11.83
245,Cabo Verde,2010,Female,77.27,66.43,17.2,6.6,3.3
246,Cabo Verde,2000,Both sexes,70.97,61.98,20.9,9.4,6.03
247,Cabo Verde,2000,Male,66.89,59.44,21.9,13.3,9.78
248,Cabo Verde,2000,Female,74.61,64.24,20.3,5.7,2.73
249,Cambodia,2015,Both sexes,69.17,60.75,21.3,5.3,6.37
250,Cambodia,2015,Male,66.2,58.95,24.0,7.8,10.46
251,Cambodia,2015,Female,71.89,62.37,19.4,2.9,2.63
252,Cambodia,2010,Both sexes,67.22,59.01,22.2,5.4,4.91
253,Cambodia,2010,Male,64.19,57.2,24.9,7.8,8.08
254,Cambodia,2010,Female,70.01,60.67,20.3,3.2,2.04
255,Cambodia,2000,Both sexes,58.68,51.39,25.5,5.6,1.87
256,Cambodia,2000,Male,56.03,49.81,27.7,7.7,3.08
257,Cambodia,2000,Female,61.24,52.93,23.7,3.6,0.79
258,Cameroon,2015,Both sexes,59.11,51.78,21.8,12.3,6.17
259,Cameroon,2015,Male,57.29,50.92,22.6,17.3,9.8
260,Cameroon,2015,Female,60.99,52.68,21.0,7.3,2.59
261,Cameroon,2010,Both sexes,56.58,49.57,21.8,11.7,8.43
262,Cameroon,2010,Male,55.09,48.98,22.6,16.4,13.39
263,Cameroon,2010,Female,58.09,50.17,21.1,6.9,3.53
264,Cameroon,2000,Both sexes,52.82,46.05,24.5,13.3,6.69
265,Cameroon,2000,Male,51.34,45.4,24.6,17.9,10.7
266,Cameroon,2000,Female,54.35,46.74,24.5,8.8,2.78
267,Canada,2015,Both sexes,81.76,71.15,10.0,12.5,8.88
268,Canada,2015,Male,79.88,70.41,11.8,18.2,13.87
269,Canada,2015,Female,83.58,71.85,8.3,7.0,4.04
270,Canada,2010,Both sexes,81.31,70.84,11.1,13.0,10.1
271,Canada,2010,Male,79.26,69.92,13.2,19.0,15.76
272,Canada,2010,Female,83.27,71.69,9.1,7.1,4.61
273,Central African Republic,2015,Both sexes,50.53,44.16,23.7,8.1,2.43
274,Central African Republic,2015,Male,48.19,42.67,24.5,11.9,3.92
275,Central African Republic,2015,Female,53.03,45.74,23.1,4.3,0.99
276,Central African Republic,2010,Both sexes,48.51,42.45,24.9,9.5,3.98
277,Central African Republic,2010,Male,46.69,41.41,25.7,13.9,6.43
278,Central African Republic,2010,Female,50.44,43.56,24.2,5.1,1.63
279,Central African Republic,2000,Both sexes,44.34,38.69,24.9,8.8,3.68
280,Central African Republic,2000,Male,43.24,38.19,25.3,12.9,5.96
281,Central African Republic,2000,Female,45.52,39.27,24.5,4.8,1.5
282,Chad,2015,Both sexes,57.91,50.53,24.1,8.9,1.45
283,Chad,2015,Male,56.22,49.79,24.4,10.2,2.39
284,Chad,2015,Female,59.63,51.29,23.8,7.5,0.53
285,Chad,2010,Both sexes,55.65,48.55,24.5,8.7,6.58
286,Chad,2010,Male,53.93,47.73,24.7,9.5,10.87
287,Chad,2010,Female,57.43,49.4,24.2,7.9,2.35
288,Chad,2000,Both sexes,51.08,44.7,24.3,8.0,4.34
289,Chad,2000,Male,49.26,43.72,25.4,8.8,7.21
290,Chad,2000,Female,52.98,45.73,23.4,7.2,1.54
291,Chile,2015,Both sexes,79.82,69.44,12.5,10.9,9.26
292,Chile,2015,Male,76.98,68.14,15.0,17.5,14.2
293,Chile,2015,Female,82.51,70.66,10.2,4.4,4.49
294,Chile,2010,Both sexes,78.46,68.46,13.3,12.2,9.31
295,Chile,2010,Male,75.48,67.02,16.0,19.9,14.3
296,Chile,2010,Female,81.3,69.82,10.9,4.7,4.49
297,Chile,2000,Both sexes,76.77,67.0,14.6,10.9,7.74
298,Chile,2000,Male,73.64,65.43,17.6,18.8,11.96
299,Chile,2000,Female,79.77,68.47,12.0,3.1,3.7
300,China,2015,Both sexes,76.64,68.01,17.4,9.6,7.15
301,China,2015,Male,73.85,66.6,20.2,8.9,11.09
302,China,2015,Female,79.87,69.65,14.4,10.3,3.04
303,China,2010,Both sexes,74.89,66.68,18.1,10.9,7.07
304,China,2010,Male,72.26,65.35,20.8,9.3,11.04
305,China,2010,Female,77.94,68.23,15.1,12.5,2.95
306,China,2000,Both sexes,71.58,63.71,21.5,13.2,3.81
307,China,2000,Male,69.34,62.71,24.6,11.2,6.02
308,China,2000,Female,74.15,64.86,18.1,15.4,1.52
309,Colombia,2015,Both sexes,78.35,68.29,15.9,8.3,5.78
310,Colombia,2015,Male,75.63,66.64,18.5,13.4,9.36
311,Colombia,2015,Female,81.01,69.91,13.7,3.3,2.39
312,Colombia,2010,Both sexes,77.09,67.15,17.3,7.2,5.04
313,Colombia,2010,Male,74.0,65.18,19.8,11.7,8.16
314,Colombia,2010,Female,80.15,69.1,15.1,2.7,2.08
315,Colombia,2000,Both sexes,73.75,64.14,20.6,7.6,5.58
316,Colombia,2000,Male,69.71,61.42,22.9,11.8,9.04
317,Colombia,2000,Female,77.85,66.91,18.6,3.5,2.3
318,Comoros,2015,Both sexes,66.45,58.19,23.0,6.8,0.88
319,Comoros,2015,Male,65.07,57.61,24.8,9.9,1.53
320,Comoros,2015,Female,67.84,58.77,21.3,3.6,0.23
321,Comoros,2010,Both sexes,64.98,56.97,23.5,6.6,0.25
322,Comoros,2010,Male,63.6,56.39,25.3,9.7,0.44
323,Comoros,2010,Female,66.35,57.53,21.8,3.4,0.066
324,Comoros,2000,Both sexes,61.51,53.77,25.9,5.1,0.19
325,Comoros,2000,Male,60.15,53.15,27.3,7.2,0.33
326,Comoros,2000,Female,62.86,54.38,24.7,2.9,0.05
327,Congo,2015,Both sexes,63.11,54.9,17.0,6.1,7.9
328,Congo,2015,Male,62.56,55.29,16.1,8.7,12.47
329,Congo,2015,Female,63.59,54.49,17.8,3.5,3.38
330,Congo,2010,Both sexes,60.95,53.03,19.0,7.4,6.17
331,Congo,2010,Male,60.99,53.85,17.8,10.2,9.73
332,Congo,2010,Female,60.85,52.21,20.1,4.5,2.63
333,Congo,2000,Both sexes,52.12,45.35,24.8,10.0,3.45
334,Congo,2000,Male,51.54,45.48,24.0,13.9,5.45
335,Congo,2000,Female,52.58,45.18,25.6,6.1,1.48
336,Costa Rica,2015,Both sexes,80.78,70.04,11.6,7.9,4.76
337,Costa Rica,2015,Male,78.16,68.67,13.7,13.4,7.59
338,Costa Rica,2015,Female,83.47,71.44,9.5,2.4,1.96
339,Costa Rica,2010,Both sexes,79.56,69.19,13.0,8.6,4.8
340,Costa Rica,2010,Male,76.98,67.86,15.2,14.7,7.65
341,Costa Rica,2010,Female,82.22,70.55,10.8,2.5,1.97
342,Costa Rica,2000,Both sexes,78.0,68.04,14.2,7.3,5.55
343,Costa Rica,2000,Male,75.47,66.84,16.4,12.8,8.88
344,Costa Rica,2000,Female,80.63,69.28,11.9,1.7,2.25
345,Côte d’Ivoire,2015,Both sexes,60.2,52.52,29.3,14.4,2.61
346,Côte d’Ivoire,2015,Male,57.98,51.27,28.5,20.5,4.14
347,Côte d’Ivoire,2015,Female,62.96,54.09,30.3,8.2,1.01
348,Côte d’Ivoire,2010,Both sexes,56.62,49.46,28.6,12.7,2.53
349,Côte d’Ivoire,2010,Male,54.81,48.51,27.7,18.3,4.01
350,Côte d’Ivoire,2010,Female,58.94,50.71,29.8,6.9,0.96
351,Côte d’Ivoire,2000,Both sexes,50.33,43.96,26.2,9.5,7.25
352,Côte d’Ivoire,2000,Male,48.94,43.3,25.2,13.7,11.37
353,Côte d’Ivoire,2000,Female,52.31,44.96,27.5,5.0,2.69
354,Croatia,2015,Both sexes,77.58,67.9,17.2,17.8,9.07
355,Croatia,2015,Male,74.3,65.78,23.5,26.8,14.48
356,Croatia,2015,Female,80.73,69.93,11.1,9.4,4.15
357,Croatia,2010,Both sexes,76.72,67.31,18.8,18.6,10.08
358,Croatia,2010,Male,73.41,65.1,25.6,28.4,16.02
359,Croatia,2010,Female,79.91,69.44,12.4,9.4,4.69
360,Croatia,2000,Both sexes,74.36,65.43,22.9,21.3,12.45
361,Croatia,2000,Male,70.74,62.89,30.8,33.0,19.74
362,Croatia,2000,Female,77.88,67.89,15.4,10.4,5.86
363,Cuba,2015,Both sexes,77.91,68.05,16.6,13.7,5.67
364,Cuba,2015,Male,75.7,66.93,19.1,21.8,8.99
365,Cuba,2015,Female,80.19,69.19,14.0,5.6,2.37
366,Cuba,2010,Both sexes,77.65,67.95,17.6,14.4,5.02
367,Cuba,2010,Male,75.55,66.96,20.0,22.7,7.96
368,Cuba,2010,Female,79.82,68.98,15.1,6.1,2.1
369,Cuba,2000,Both sexes,76.76,67.12,18.1,17.4,4.98
370,Cuba,2000,Male,74.59,66.16,20.4,24.7,7.97
371,Cuba,2000,Female,79.04,68.14,15.8,10.0,2.0
372,Cyprus,2015,Both sexes,82.01,71.63,11.5,4.9,10.76
373,Cyprus,2015,Male,79.89,70.86,15.4,7.3,16.84
374,Cyprus,2015,Female,84.12,72.37,7.6,2.5,4.75
375,Cyprus,2010,Both sexes,81.02,70.79,11.8,5.7,11.35
376,Cyprus,2010,Male,78.93,70.02,15.8,8.7,17.56
377,Cyprus,2010,Female,83.1,71.54,7.9,2.7,5.22
378,Cyprus,2000,Both sexes,78.75,69.13,14.1,2.2,10.86
379,Cyprus,2000,Male,76.53,68.28,18.4,2.8,16.68
380,Cyprus,2000,Female,80.99,69.96,9.8,1.6,5.0
381,Czechia,2015,Both sexes,78.46,68.29,15.5,13.7,14.25
382,Czechia,2015,Male,75.57,66.36,20.7,22.6,21.96
383,Czechia,2015,Female,81.3,70.17,10.6,5.0,6.91
384,Czechia,2010,Both sexes,77.56,67.74,17.7,15.4,14.06
385,Czechia,2010,Male,74.41,65.57,23.7,26.0,21.64
386,Czechia,2010,Female,80.65,69.86,11.9,5.2,6.86
387,Czechia,2000,Both sexes,74.95,65.94,22.6,17.0,15.0
388,Czechia,2000,Male,71.53,63.56,30.5,27.5,23.23
389,Czechia,2000,Female,78.29,68.25,15.3,7.0,7.36
390,Democratic People's Republic of Korea,2015,Both sexes,71.76,64.3,25.8,11.4,3.82
391,Democratic People's Republic of Korea,2015,Male,68.42,62.58,34.6,14.3,6.32
392,Democratic People's Republic of Korea,2015,Female,74.78,65.86,17.9,8.7,1.48
393,Democratic People's Republic of Korea,2010,Both sexes,70.18,62.98,27.3,11.9,3.78
394,Democratic People's Republic of Korea,2010,Male,66.93,61.3,36.2,14.6,6.25
395,Democratic People's Republic of Korea,2010,Female,73.09,64.49,19.4,9.3,1.47
396,Democratic People's Republic of Korea,2000,Both sexes,63.95,57.75,23.6,10.0,3.52
397,Democratic People's Republic of Korea,2000,Male,60.79,55.99,32.2,12.3,5.82
398,Democratic People's Republic of Korea,2000,Female,66.84,59.38,17.1,7.9,1.4
399,Democratic Republic of the Congo,2015,Both sexes,60.44,52.43,19.4,5.6,2.05
400,Democratic Republic of the Congo,2015,Male,58.25,51.28,19.6,8.3,3.28
401,Democratic Republic of the Congo,2015,Female,62.73,53.64,19.2,2.9,0.85
402,Democratic Republic of the Congo,2010,Both sexes,57.51,49.88,20.1,5.5,1.75
403,Democratic Republic of the Congo,2010,Male,55.65,48.98,20.0,8.2,2.81
404,Democratic Republic of the Congo,2010,Female,59.42,50.82,20.2,2.9,0.73
405,Democratic Republic of the Congo,2000,Both sexes,52.44,45.26,22.7,6.6,0.95
406,Democratic Republic of the Congo,2000,Male,50.46,44.13,22.4,9.4,1.53
407,Democratic Republic of the Congo,2000,Female,54.49,46.42,23.1,3.8,0.4
408,Denmark,2015,Both sexes,80.59,70.53,11.7,11.9,10.36
409,Denmark,2015,Male,78.8,70.09,13.5,15.5,15.95
410,Denmark,2015,Female,82.35,70.93,9.9,8.4,4.91
411,Denmark,2010,Both sexes,79.17,69.42,13.4,12.7,11.0
412,Denmark,2010,Male,77.2,68.78,15.5,16.8,16.94
413,Denmark,2010,Female,81.1,70.02,11.4,8.7,5.22
414,Denmark,2000,Both sexes,76.93,67.57,18.3,16.0,12.67
415,Denmark,2000,Male,74.66,66.73,20.9,22.9,19.46
416,Denmark,2000,Female,79.13,68.34,15.8,9.4,6.13
417,Djibouti,2015,Both sexes,64.64,57.0,19.5,6.4,0.49
418,Djibouti,2015,Male,62.84,56.12,21.0,8.6,0.86
419,Djibouti,2015,Female,66.62,57.91,18.1,4.1,0.13
420,Djibouti,2010,Both sexes,61.87,54.59,19.1,5.2,0.67
421,Djibouti,2010,Male,60.63,54.23,20.4,6.8,1.15
422,Djibouti,2010,Female,63.26,55.0,18.0,3.5,0.18
423,Djibouti,2000,Both sexes,59.84,52.73,21.6,5.8,1.62
424,Djibouti,2000,Male,57.87,51.76,23.1,7.3,2.79
425,Djibouti,2000,Female,61.96,53.77,20.1,4.3,0.45
426,Dominican Republic,2015,Both sexes,71.75,63.21,19.1,9.7,6.61
427,Dominican Republic,2015,Male,68.62,61.25,21.7,16.2,10.55
428,Dominican Republic,2015,Female,75.2,65.39,16.5,3.1,2.77
429,Dominican Republic,2010,Both sexes,73.17,64.38,19.6,8.0,6.11
430,Dominican Republic,2010,Male,70.43,62.74,22.0,13.1,9.75
431,Dominican Republic,2010,Female,76.14,66.17,17.2,3.0,2.54
432,Dominican Republic,2000,Both sexes,73.22,64.1,21.9,9.1,7.19
433,Dominican Republic,2000,Male,70.22,62.12,24.0,15.0,11.49
434,Dominican Republic,2000,Female,76.66,66.39,19.7,3.2,2.94
435,Ecuador,2015,Both sexes,77.18,67.49,13.4,9.6,4.98
436,Ecuador,2015,Male,74.92,66.48,14.4,14.3,7.63
437,Ecuador,2015,Female,79.5,68.53,12.4,4.9,2.38
438,Ecuador,2010,Both sexes,75.02,65.8,13.8,8.5,6.16
439,Ecuador,2010,Male,72.31,64.36,14.7,12.3,9.44
440,Ecuador,2010,Female,77.86,67.3,13.0,4.8,2.94
441,Ecuador,2000,Both sexes,74.53,65.25,16.6,6.1,5.96
442,Ecuador,2000,Male,71.91,63.9,17.6,8.4,9.11
443,Ecuador,2000,Female,77.27,66.66,15.6,3.7,2.84
444,Egypt,2015,Both sexes,70.49,62.0,28.2,3.8,0.4
445,Egypt,2015,Male,68.22,61.29,32.0,6.0,0.69
446,Egypt,2015,Female,72.89,62.77,24.3,1.5,0.11
447,Egypt,2010,Both sexes,70.2,61.69,28.0,3.6,0.36
448,Egypt,2010,Male,67.82,60.91,31.9,5.7,0.63
449,Egypt,2010,Female,72.69,62.51,24.1,1.5,0.1
450,Egypt,2000,Both sexes,69.82,61.21,25.3,3.3,0.25
451,Egypt,2000,Male,67.29,60.27,29.2,5.2,0.43
452,Egypt,2000,Female,72.42,62.16,21.5,1.3,0.069
453,El Salvador,2015,Both sexes,73.25,63.46,14.1,14.0,3.59
454,El Salvador,2015,Male,68.12,59.63,15.3,24.5,6.05
455,El Salvador,2015,Female,78.02,67.03,13.2,4.6,1.54
456,El Salvador,2010,Both sexes,74.5,64.4,14.7,10.8,3.31
457,El Salvador,2010,Male,70.62,61.5,15.6,18.1,5.56
458,El Salvador,2010,Female,78.04,67.04,14.1,4.2,1.42
459,El Salvador,2000,Both sexes,72.5,62.73,17.1,13.4,3.86
460,El Salvador,2000,Male,68.39,59.68,17.6,20.9,6.44
461,El Salvador,2000,Female,76.48,65.66,16.6,6.4,1.62
462,Equatorial Guinea,2015,Both sexes,61.13,52.9,22.0,16.5,9.08
463,Equatorial Guinea,2015,Male,60.28,52.85,22.7,23.8,12.67
464,Equatorial Guinea,2015,Female,61.83,52.6,21.3,7.6,4.16
465,Equatorial Guinea,2010,Both sexes,59.65,51.68,23.0,16.7,9.2
466,Equatorial Guinea,2010,Male,59.75,52.43,24.1,24.9,12.93
467,Equatorial Guinea,2010,Female,59.12,50.42,21.9,7.0,4.33
468,Equatorial Guinea,2000,Both sexes,54.31,46.81,26.4,15.5,7.45
469,Equatorial Guinea,2000,Male,52.37,45.81,28.2,24.4,11.1
470,Equatorial Guinea,2000,Female,56.49,47.88,24.7,6.0,3.32
471,Eritrea,2015,Both sexes,62.29,54.1,24.2,8.1,1.42
472,Eritrea,2015,Male,59.4,52.18,25.6,12.5,2.37
473,Eritrea,2015,Female,65.45,56.21,22.9,3.7,0.5
474,Eritrea,2010,Both sexes,60.7,52.65,24.8,9.0,1.38
475,Eritrea,2010,Male,57.78,50.7,25.6,13.8,2.29
476,Eritrea,2010,Female,63.97,54.84,24.0,4.1,0.49
477,Eritrea,2000,Both sexes,54.51,47.01,25.7,11.6,1.57
478,Eritrea,2000,Male,51.16,44.6,26.7,16.5,2.61
479,Eritrea,2000,Female,58.48,49.86,24.8,6.7,0.55
480,Estonia,2015,Both sexes,77.6,68.26,16.9,15.8,12.39
481,Estonia,2015,Male,73.03,65.03,24.9,27.6,20.08
482,Estonia,2015,Female,81.71,71.12,10.4,5.3,5.87
483,Estonia,2010,Both sexes,75.87,66.88,19.6,18.3,12.39
484,Estonia,2010,Male,70.86,63.26,28.6,31.7,20.12
485,Estonia,2010,Female,80.45,70.17,12.2,6.6,5.89
486,Estonia,2000,Both sexes,70.94,62.56,26.9,29.5,9.57
487,Estonia,2000,Male,65.6,58.54,38.0,48.7,15.8
488,Estonia,2000,Female,76.17,66.5,17.6,12.7,4.35
489,Eswatini,2015,Both sexes,54.05,46.91,26.6,13.1,9.84
490,Eswatini,2015,Male,50.25,44.34,29.8,19.3,16.67
491,Eswatini,2015,Female,58.71,50.16,24.4,7.2,3.69
492,Eswatini,2010,Both sexes,47.43,41.38,26.6,11.9,6.82
493,Eswatini,2010,Male,44.86,39.76,29.6,18.2,11.58
494,Eswatini,2010,Female,50.76,43.65,24.3,6.0,2.55
495,Eswatini,2000,Both sexes,47.05,41.28,27.2,11.6,7.46
496,Eswatini,2000,Male,44.81,39.91,29.8,17.5,12.79
497,Eswatini,2000,Female,49.44,42.8,24.9,6.1,2.82
498,Ethiopia,2015,Both sexes,66.82,58.32,18.4,7.2,2.19
499,Ethiopia,2015,Male,65.04,57.41,18.8,11.2,3.64
500,Ethiopia,2015,Female,68.64,59.25,18.1,3.2,0.77
501,Ethiopia,2010,Both sexes,62.92,54.96,18.9,7.3,2.5
502,Ethiopia,2010,Male,61.33,54.18,19.2,11.3,4.16
503,Ethiopia,2010,Female,64.55,55.77,18.6,3.3,0.88
504,Ethiopia,2000,Both sexes,50.58,44.33,21.7,8.0,1.76
505,Ethiopia,2000,Male,49.52,43.86,21.5,12.2,2.93
506,Ethiopia,2000,Female,51.7,44.85,21.8,3.9,0.62
507,Fiji,2015,Both sexes,67.83,59.58,30.8,5.0,3.33
508,Fiji,2015,Male,65.77,58.57,37.0,7.5,5.5
509,Fiji,2015,Female,70.08,60.69,24.2,2.4,1.12
510,Fiji,2010,Both sexes,67.6,59.49,32.9,4.8,3.0
511,Fiji,2010,Male,65.86,58.82,39.2,7.2,4.92
512,Fiji,2010,Female,69.52,60.25,26.0,2.4,1.01
513,Fiji,2000,Both sexes,65.9,58.09,36.4,4.3,3.24
514,Fiji,2000,Male,63.69,56.89,42.5,5.6,5.31
515,Fiji,2000,Female,68.43,59.47,30.1,2.9,1.12
516,Finland,2015,Both sexes,81.21,70.73,10.5,14.4,11.18
517,Finland,2015,Male,78.53,69.44,13.8,21.8,17.39
518,Finland,2015,Female,83.85,71.97,7.2,7.2,5.25
519,Finland,2010,Both sexes,79.88,69.55,11.8,18.9,12.59
520,Finland,2010,Male,76.68,67.86,15.7,28.4,19.53
521,Finland,2010,Female,83.04,71.21,7.9,9.8,6.01
522,Finland,2000,Both sexes,77.6,67.78,14.6,24.6,11.69
523,Finland,2000,Male,74.13,65.79,19.7,36.8,18.31
524,Finland,2000,Female,80.91,69.64,9.7,12.9,5.49
525,France,2015,Both sexes,81.91,71.7,10.8,18.0,12.64
526,France,2015,Male,78.99,70.47,14.3,24.4,19.66
527,France,2015,Female,84.72,72.87,7.3,11.8,5.97
528,France,2010,Both sexes,81.22,71.16,11.8,20.2,12.4
529,France,2010,Male,77.96,69.71,15.7,27.7,19.31
530,France,2010,Female,84.34,72.54,7.9,13.0,5.86
531,France,2000,Both sexes,78.91,69.3,13.8,22.3,14.08
532,France,2000,Male,75.24,67.41,19.0,30.5,21.79
533,France,2000,Female,82.52,71.14,8.6,14.4,6.8
534,Gabon,2015,Both sexes,64.93,56.29,14.8,7.3,9.57
535,Gabon,2015,Male,62.11,54.75,15.3,11.1,14.4
536,Gabon,2015,Female,68.09,57.98,14.3,3.3,4.37
537,Gabon,2010,Both sexes,62.16,54.01,15.1,6.9,9.89
538,Gabon,2010,Male,60.12,53.14,15.4,10.5,15.02
539,Gabon,2010,Female,64.25,54.86,14.9,3.1,4.48
540,Gabon,2000,Both sexes,58.1,50.5,17.1,6.7,10.59
541,Gabon,2000,Male,56.15,49.64,17.4,10.0,16.42
542,Gabon,2000,Female,60.1,51.39,16.9,3.5,4.95
543,Gambia,2015,Both sexes,64.14,55.83,20.6,5.2,3.67
544,Gambia,2015,Male,62.18,55.27,22.1,6.7,6.26
545,Gambia,2015,Female,66.28,56.5,19.1,3.8,1.2
546,Gambia,2010,Both sexes,62.42,54.39,21.1,5.1,3.81
547,Gambia,2010,Male,60.59,53.91,22.7,6.7,6.5
548,Gambia,2010,Female,64.47,55.01,19.3,3.6,1.25
549,Gambia,2000,Both sexes,59.24,51.66,23.1,6.6,4.14
550,Gambia,2000,Male,57.17,50.96,24.6,8.1,7.01
551,Gambia,2000,Female,61.63,52.53,21.4,5.2,1.37
552,Georgia,2015,Both sexes,72.58,64.2,24.9,8.1,9.61
553,Georgia,2015,Male,68.24,61.09,34.7,14.0,15.81
554,Georgia,2015,Female,76.93,67.31,16.1,2.7,4.2
555,Georgia,2010,Both sexes,71.87,63.71,25.0,6.9,9.67
556,Georgia,2010,Male,67.44,60.52,34.3,11.8,15.92
557,Georgia,2010,Female,76.3,66.9,16.7,2.3,4.28
558,Georgia,2000,Both sexes,69.41,61.94,24.7,6.0,4.41
559,Georgia,2000,Male,65.58,59.22,32.3,10.2,7.33
560,Georgia,2000,Female,73.14,64.6,17.8,2.3,1.9
561,Germany,2015,Both sexes,80.42,70.07,12.5,13.8,13.06
562,Germany,2015,Male,78.12,69.28,16.0,19.9,20.13
563,Germany,2015,Female,82.71,70.85,9.1,7.8,6.3
564,Germany,2010,Both sexes,80.17,69.96,13.1,13.7,12.64
565,Germany,2010,Male,77.78,69.05,16.7,20.6,19.61
566,Germany,2010,Female,82.54,70.87,9.4,7.0,6.03
567,Germany,2000,Both sexes,78.09,68.46,16.1,14.7,14.16
568,Germany,2000,Male,75.04,66.96,21.1,22.1,22.01
569,Germany,2000,Female,80.92,69.81,11.2,7.7,6.84
570,Ghana,2015,Both sexes,64.55,56.49,20.9,5.3,3.12
571,Ghana,2015,Male,61.97,55.12,18.2,8.5,4.99
572,Ghana,2015,Female,67.41,58.02,23.3,2.1,1.33
573,Ghana,2010,Both sexes,62.0,54.33,20.4,4.7,4.26
574,Ghana,2010,Male,59.7,53.22,17.6,7.5,6.86
575,Ghana,2010,Female,64.53,55.58,23.0,2.1,1.8
576,Ghana,2000,Both sexes,59.24,51.9,21.6,4.0,5.3
577,Ghana,2000,Male,57.75,51.37,18.3,6.1,8.42
578,Ghana,2000,Female,60.8,52.46,24.4,1.9,2.19
579,Greece,2015,Both sexes,80.38,70.43,12.3,4.8,10.49
580,Greece,2015,Male,77.85,69.3,17.1,7.8,16.64
581,Greece,2015,Female,82.94,71.55,7.7,1.9,4.61
582,Greece,2010,Both sexes,80.1,70.04,12.9,3.3,9.67
583,Greece,2010,Male,77.52,68.89,17.4,6.0,15.19
584,Greece,2010,Female,82.71,71.2,8.4,0.7,4.38
585,Greece,2000,Both sexes,78.17,68.63,14.9,3.4,10.18
586,Greece,2000,Male,75.51,67.46,20.4,5.4,15.92
587,Greece,2000,Female,80.89,69.82,9.6,1.5,4.59
588,Grenada,2015,Both sexes,72.7,63.85,21.7,1.1,9.07
589,Grenada,2015,Male,70.44,62.5,25.5,1.0,14.44
590,Grenada,2015,Female,75.15,65.33,17.9,1.1,3.76
591,Grenada,2010,Both sexes,71.97,63.48,23.9,0.9,8.31
592,Grenada,2010,Male,69.2,61.78,28.0,1.8,13.24
593,Grenada,2010,Female,75.48,65.7,20.0,0.0,3.47
594,Grenada,2000,Both sexes,71.97,63.58,26.8,1.9,9.8
595,Grenada,2000,Male,68.6,61.47,30.6,2.7,15.73
596,Grenada,2000,Female,75.95,66.13,23.5,1.1,4.13
597,Guatemala,2015,Both sexes,70.95,61.48,14.9,3.1,2.55
598,Guatemala,2015,Male,67.85,59.55,14.9,4.3,4.14
599,Guatemala,2015,Female,74.01,63.37,14.9,1.9,1.08
600,Guatemala,2010,Both sexes,69.3,60.09,14.9,2.9,3.51
601,Guatemala,2010,Male,65.82,57.83,14.8,4.3,5.7
602,Guatemala,2010,Female,72.77,62.32,15.1,1.5,1.49
603,Guatemala,2000,Both sexes,66.78,57.84,15.0,3.2,4.4
604,Guatemala,2000,Male,63.32,55.6,14.8,4.9,7.17
605,Guatemala,2000,Female,70.27,60.07,15.1,1.6,1.87
606,Guinea,2015,Both sexes,58.81,51.51,22.6,6.4,1.07
607,Guinea,2015,Male,57.28,51.06,22.0,7.6,1.82
608,Guinea,2015,Female,60.07,51.92,23.2,5.2,0.32
609,Guinea,2010,Both sexes,58.07,50.87,23.1,6.6,0.7
610,Guinea,2010,Male,56.65,50.51,22.9,8.1,1.19
611,Guinea,2010,Female,59.26,51.22,23.3,5.1,0.21
612,Guinea,2000,Both sexes,54.26,47.54,22.4,6.3,0.67
613,Guinea,2000,Male,53.1,47.31,21.5,7.2,1.13
614,Guinea,2000,Female,55.3,47.81,23.2,5.4,0.21
615,Guinea-Bissau,2015,Both sexes,58.23,50.92,19.8,3.9,5.05
616,Guinea-Bissau,2015,Male,55.53,49.48,20.0,4.6,8.4
617,Guinea-Bissau,2015,Female,60.81,52.31,19.7,3.3,1.89
618,Guinea-Bissau,2010,Both sexes,55.43,48.56,21.5,4.2,4.47
619,Guinea-Bissau,2010,Male,53.05,47.34,22.0,4.9,7.46
620,Guinea-Bissau,2010,Female,57.68,49.71,21.0,3.4,1.69
621,Guinea-Bissau,2000,Both sexes,50.28,44.05,23.4,5.0,4.15
622,Guinea-Bissau,2000,Male,47.77,42.6,23.6,5.7,6.9
623,Guinea-Bissau,2000,Female,52.76,45.49,23.2,4.4,1.59
624,Guyana,2015,Both sexes,65.59,57.17,30.6,29.1,7.35
625,Guyana,2015,Male,62.31,54.97,32.3,43.4,11.8
626,Guyana,2015,Female,69.22,59.61,28.9,14.5,2.92
627,Guyana,2010,Both sexes,64.77,56.58,31.2,26.8,6.78
628,Guyana,2010,Male,61.63,54.51,32.5,39.9,10.97
629,Guyana,2010,Female,68.23,58.86,30.0,13.6,2.67
630,Guyana,2000,Both sexes,62.96,54.97,32.7,23.4,8.98
631,Guyana,2000,Male,59.81,52.89,33.7,34.6,14.53
632,Guyana,2000,Female,66.51,57.31,31.8,12.3,3.6
633,Haiti,2015,Both sexes,62.61,54.59,26.7,11.7,2.69
634,Haiti,2015,Male,62.09,54.77,28.5,17.0,4.4
635,Haiti,2015,Female,63.13,54.44,25.1,6.5,1.06
636,Haiti,2010,Both sexes,31.28,27.98,22.3,10.2,2.99
637,Haiti,2010,Male,27.97,25.37,22.7,14.8,4.89
638,Haiti,2010,Female,35.37,31.16,21.9,5.7,1.19
639,Haiti,2000,Both sexes,57.05,50.0,29.1,8.7,3.97
640,Haiti,2000,Male,56.97,50.48,30.4,13.1,6.51
641,Haiti,2000,Female,57.18,49.6,27.9,4.4,1.59
642,Honduras,2015,Both sexes,69.82,61.33,14.0,2.8,3.49
643,Honduras,2015,Male,67.57,60.13,16.0,4.2,5.64
644,Honduras,2015,Female,72.13,62.56,12.2,1.5,1.4
645,Honduras,2010,Both sexes,71.15,62.32,14.3,2.5,3.59
646,Honduras,2010,Male,70.24,62.19,16.0,3.6,5.81
647,Honduras,2010,Female,72.11,62.51,12.7,1.3,1.45
648,Honduras,2000,Both sexes,70.04,61.22,16.6,2.3,3.5
649,Honduras,2000,Male,69.1,61.08,18.4,3.4,5.66
650,Honduras,2000,Female,71.02,61.44,15.0,1.3,1.42
651,Hungary,2015,Both sexes,75.57,66.6,23.3,20.3,11.6
652,Hungary,2015,Male,72.16,64.35,31.0,31.6,18.5
653,Hungary,2015,Female,78.73,68.67,16.5,10.1,5.51
654,Hungary,2010,Both sexes,74.58,65.77,24.2,26.0,12.09
655,Hungary,2010,Male,70.63,63.02,33.0,42.1,19.26
656,Hungary,2010,Female,78.35,68.38,16.2,11.4,5.8
657,Hungary,2000,Both sexes,71.34,63.03,28.1,32.5,14.27
658,Hungary,2000,Male,67.07,59.97,38.1,51.5,22.53
659,Hungary,2000,Female,75.63,66.11,19.1,15.3,6.99
660,Iceland,2015,Both sexes,82.14,71.9,9.3,14.0,8.74
661,Iceland,2015,Male,80.69,71.68,10.2,22.3,13.33
662,Iceland,2015,Female,83.56,72.1,8.2,5.7,4.15
663,Iceland,2010,Both sexes,81.68,71.43,9.8,13.3,7.5
664,Iceland,2010,Male,80.02,71.07,11.8,20.5,11.44
665,Iceland,2010,Female,83.34,71.77,7.7,6.0,3.53
666,Iceland,2000,Both sexes,79.7,69.82,13.4,16.2,7.03
667,Iceland,2000,Male,77.74,69.28,15.4,25.5,10.8
668,Iceland,2000,Female,81.64,70.34,11.4,6.9,3.29
669,India,2015,Both sexes,69.31,59.14,23.5,16.5,5.54
670,India,2015,Male,68.11,59.12,26.8,18.0,8.99
671,India,2015,Female,70.62,59.16,20.0,14.9,1.88
672,India,2010,Both sexes,67.23,57.32,24.2,16.5,4.35
673,India,2010,Male,65.69,57.03,27.1,17.7,7.06
674,India,2010,Female,68.94,57.65,21.2,15.2,1.47
675,India,2000,Both sexes,62.11,52.95,26.6,17.4,2.28
676,India,2000,Male,61.34,53.19,29.7,18.6,3.69
677,India,2000,Female,62.92,52.68,23.4,16.0,0.77
678,Indonesia,2015,Both sexes,70.61,62.33,26.5,3.4,0.6
679,Indonesia,2015,Male,68.77,61.45,30.3,4.8,1.03
680,Indonesia,2015,Female,72.5,63.24,22.8,2.0,0.18
681,Indonesia,2010,Both sexes,69.26,61.21,27.0,3.6,0.59
682,Indonesia,2010,Male,67.53,60.43,30.7,5.1,1.01
683,Indonesia,2010,Female,71.03,62.02,23.3,2.2,0.17
684,Indonesia,2000,Both sexes,67.17,59.03,26.3,3.9,0.5
685,Indonesia,2000,Male,65.77,58.45,29.1,5.3,0.85
686,Indonesia,2000,Female,68.55,59.6,23.7,2.5,0.15
687,Iran (Islamic Republic of),2015,Both sexes,76.66,65.66,15.1,4.0,1.01
688,Iran (Islamic Republic of),2015,Male,74.96,65.31,16.2,5.0,1.76
689,Iran (Islamic Republic of),2015,Female,78.52,66.01,13.9,3.0,0.26
690,Iran (Islamic Republic of),2010,Both sexes,75.86,65.02,18.0,6.6,1.01
691,Iran (Islamic Republic of),2010,Male,73.87,64.48,19.4,8.7,1.74
692,Iran (Islamic Republic of),2010,Female,78.01,65.6,16.5,4.4,0.26
693,Iran (Islamic Republic of),2000,Both sexes,72.56,62.56,23.9,10.7,0.21
694,Iran (Islamic Republic of),2000,Male,70.73,62.06,24.5,12.0,0.35
695,Iran (Islamic Republic of),2000,Female,74.61,63.12,23.3,9.3,0.054000000000000006
696,Iraq,2015,Both sexes,70.29,60.8,21.6,3.1,0.37
697,Iraq,2015,Male,67.32,59.3,24.9,3.5,0.63
698,Iraq,2015,Female,73.41,62.38,18.6,2.6,0.1
699,Iraq,2010,Both sexes,70.24,60.88,22.5,2.8,0.49
700,Iraq,2010,Male,67.76,59.79,25.8,3.3,0.84
701,Iraq,2010,Female,72.79,62.0,19.3,2.2,0.14
702,Iraq,2000,Both sexes,68.77,59.52,24.2,2.7,0.45
703,Iraq,2000,Male,66.43,58.55,27.5,3.4,0.78
704,Iraq,2000,Female,71.25,60.58,21.0,1.9,0.13
705,Ireland,2015,Both sexes,81.14,70.66,10.5,11.5,12.47
706,Ireland,2015,Male,79.33,70.16,12.2,18.5,19.03
707,Ireland,2015,Female,82.93,71.16,8.7,4.5,6.13
708,Ireland,2010,Both sexes,80.41,70.06,11.2,12.0,12.07
709,Ireland,2010,Male,78.33,69.34,13.3,18.5,18.34
710,Ireland,2010,Female,82.44,70.75,9.0,5.6,5.95
711,Ireland,2000,Both sexes,76.41,67.08,17.9,12.4,15.13
712,Ireland,2000,Male,73.84,65.88,21.8,20.2,22.73
713,Ireland,2000,Female,79.02,68.3,13.8,4.8,7.71
714,Israel,2015,Both sexes,81.93,71.84,9.7,5.0,3.86
715,Israel,2015,Male,79.96,71.3,12.0,7.6,6.05
716,Israel,2015,Female,83.79,72.32,7.6,2.4,1.76
717,Israel,2010,Both sexes,81.56,71.42,10.1,7.3,3.12
718,Israel,2010,Male,79.62,70.92,12.3,12.0,4.92
719,Israel,2010,Female,83.34,71.84,8.0,2.7,1.42
720,Israel,2000,Both sexes,78.57,69.21,14.6,7.5,3.08
721,Israel,2000,Male,76.36,68.42,17.8,11.8,4.87
722,Israel,2000,Female,80.66,69.94,11.6,3.3,1.39
723,Italy,2015,Both sexes,82.21,71.56,9.8,8.0,7.59
724,Italy,2015,Male,80.0,70.65,12.4,11.8,12.08
725,Italy,2015,Female,84.26,72.36,7.3,4.5,3.41
726,Italy,2010,Both sexes,81.9,71.14,10.3,7.5,7.34
727,Italy,2010,Male,79.37,69.98,13.3,11.4,11.66
728,Italy,2010,Female,84.22,72.19,7.5,3.8,3.33
729,Italy,2000,Both sexes,79.36,69.04,13.5,7.8,10.37
730,Italy,2000,Male,76.41,67.56,17.9,11.7,16.32
731,Italy,2000,Female,82.15,70.39,9.3,4.1,4.87
732,Jamaica,2015,Both sexes,75.85,66.59,14.8,2.1,4.19
733,Jamaica,2015,Male,74.1,65.86,16.1,3.3,6.75
734,Jamaica,2015,Female,77.71,67.42,13.5,1.0,1.7
735,Jamaica,2010,Both sexes,75.77,66.56,15.3,2.0,4.38
736,Jamaica,2010,Male,73.27,65.27,16.7,3.1,7.07
737,Jamaica,2010,Female,78.51,68.04,13.9,0.9,1.79
738,Jamaica,2000,Both sexes,74.22,65.4,18.1,2.3,4.91
739,Jamaica,2000,Male,72.05,64.29,20.2,3.8,7.93
740,Jamaica,2000,Female,76.5,66.6,16.0,0.8,2.01
741,Japan,2015,Both sexes,83.62,73.62,8.6,19.4,7.87
742,Japan,2015,Male,80.7,72.04,11.5,27.4,12.16
743,Japan,2015,Female,86.41,75.11,5.8,11.8,3.84
744,Japan,2010,Both sexes,82.68,72.97,9.5,24.4,7.2
745,Japan,2010,Male,79.46,71.15,12.8,35.1,11.12
746,Japan,2010,Female,85.77,74.7,6.3,14.1,3.5
747,Japan,2000,Both sexes,81.12,71.58,11.4,24.7,8.23
748,Japan,2000,Male,77.69,69.46,15.5,35.8,12.64
749,Japan,2000,Female,84.37,73.54,7.5,13.9,4.04
750,Jordan,2015,Both sexes,77.82,67.59,19.4,2.9,0.69
751,Jordan,2015,Male,76.95,68.04,23.0,3.6,1.18
752,Jordan,2015,Female,78.77,67.17,15.8,2.2,0.19
753,Jordan,2010,Both sexes,76.59,66.67,20.7,2.8,0.64
754,Jordan,2010,Male,75.59,67.11,24.3,3.5,1.09
755,Jordan,2010,Female,77.62,66.22,17.1,2.1,0.17
756,Jordan,2000,Both sexes,72.65,63.56,23.5,3.4,0.62
757,Jordan,2000,Male,73.06,64.95,26.5,4.2,1.04
758,Jordan,2000,Female,72.48,62.27,20.2,2.6,0.17
759,Kazakhstan,2015,Both sexes,71.91,63.35,28.6,24.9,4.66
760,Kazakhstan,2015,Male,67.43,60.31,38.9,42.5,7.73
761,Kazakhstan,2015,Female,76.22,66.27,19.8,8.4,1.9
762,Kazakhstan,2010,Both sexes,68.43,60.45,32.9,32.7,4.97
763,Kazakhstan,2010,Male,63.58,56.96,44.2,55.7,8.22
764,Kazakhstan,2010,Female,73.39,64.01,23.0,11.2,2.04
765,Kazakhstan,2000,Both sexes,63.15,56.1,39.1,34.0,8.18
766,Kazakhstan,2000,Male,57.58,51.98,51.6,59.5,13.72
767,Kazakhstan,2000,Female,69.15,60.54,27.7,10.4,3.26
768,Kenya,2015,Both sexes,64.17,56.08,13.3,3.1,2.77
769,Kenya,2015,Male,61.71,54.76,13.8,5.0,4.53
770,Kenya,2015,Female,66.62,57.4,12.9,1.2,1.07
771,Kenya,2010,Both sexes,61.18,53.53,13.4,3.1,3.29
772,Kenya,2010,Male,59.23,52.61,13.8,5.0,5.37
773,Kenya,2010,Female,63.07,54.42,13.0,1.2,1.27
774,Kenya,2000,Both sexes,53.87,46.94,17.3,4.4,3.83
775,Kenya,2000,Male,52.85,46.65,17.3,7.0,6.23
776,Kenya,2000,Female,54.91,47.25,17.4,1.9,1.5
777,Kiribati,2015,Both sexes,58.2,51.62,28.5,14.5,0.52
778,Kiribati,2015,Male,55.13,49.62,34.5,24.2,0.89
779,Kiribati,2015,Female,61.37,53.7,23.1,5.0,0.18
780,Kiribati,2010,Both sexes,58.01,51.53,28.8,14.5,1.65
781,Kiribati,2010,Male,54.75,49.35,34.6,24.0,2.81
782,Kiribati,2010,Female,61.39,53.81,23.6,5.4,0.58
783,Kiribati,2000,Both sexes,55.73,49.57,29.5,13.7,1.96
784,Kiribati,2000,Male,52.31,47.13,35.1,21.9,3.36
785,Kiribati,2000,Female,59.4,52.18,24.5,5.8,0.68
786,Kuwait,2015,Both sexes,81.13,70.23,17.6,2.3,0.003
787,Kuwait,2015,Male,79.46,69.74,19.3,2.8,0.005
788,Kuwait,2015,Female,83.84,71.04,14.9,1.8,0.0006
789,Kuwait,2010,Both sexes,79.83,69.21,19.3,1.9,0.032
790,Kuwait,2010,Male,78.76,69.17,20.7,2.2,0.048
791,Kuwait,2010,Female,81.43,69.21,17.0,1.5,0.006999999999999999
792,Kuwait,2000,Both sexes,77.86,67.7,21.7,2.0,0.038
793,Kuwait,2000,Male,76.36,67.38,22.6,2.1,0.057
794,Kuwait,2000,Female,80.1,68.02,20.2,1.8,0.008
795,Kyrgyzstan,2015,Both sexes,71.59,63.74,26.2,8.1,7.59
796,Kyrgyzstan,2015,Male,67.92,61.32,34.9,12.9,13.02
797,Kyrgyzstan,2015,Female,75.28,66.16,18.6,3.3,2.39
798,Kyrgyzstan,2010,Both sexes,69.17,61.64,27.8,11.3,10.08
799,Kyrgyzstan,2010,Male,65.2,58.89,36.2,18.5,17.19
800,Kyrgyzstan,2010,Female,73.29,64.49,20.1,4.3,3.31
801,Kyrgyzstan,2000,Both sexes,65.95,58.66,31.4,12.6,9.45
802,Kyrgyzstan,2000,Male,61.95,55.8,39.4,20.7,15.94
803,Kyrgyzstan,2000,Female,70.18,61.68,23.9,4.7,3.29
804,Lao People's Democratic Republic,2015,Both sexes,67.08,59.29,27.1,8.5,10.05
805,Lao People's Democratic Republic,2015,Male,64.7,57.91,29.2,11.3,16.02
806,Lao People's Democratic Republic,2015,Female,69.56,60.73,25.1,5.7,4.25
807,Lao People's Democratic Republic,2010,Both sexes,64.88,57.43,27.9,8.9,7.1
808,Lao People's Democratic Republic,2010,Male,62.44,56.0,29.7,11.7,11.39
809,Lao People's Democratic Republic,2010,Female,67.38,58.9,26.4,6.1,2.96
810,Lao People's Democratic Republic,2000,Both sexes,58.41,51.77,29.2,10.1,4.66
811,Lao People's Democratic Republic,2000,Male,56.28,50.5,29.8,13.3,7.52
812,Lao People's Democratic Republic,2000,Female,60.6,53.09,28.7,7.0,1.91
813,Latvia,2015,Both sexes,74.8,65.76,22.2,21.6,12.64
814,Latvia,2015,Male,69.93,62.33,32.2,37.4,20.73
815,Latvia,2015,Female,79.29,68.9,14.0,8.2,6.02
816,Latvia,2010,Both sexes,72.94,64.26,25.8,22.7,11.63
817,Latvia,2010,Male,67.76,60.54,37.2,42.3,19.18
818,Latvia,2010,Female,77.78,67.73,16.4,6.0,5.47
819,Latvia,2000,Both sexes,70.18,61.57,27.9,34.7,8.76
820,Latvia,2000,Male,64.61,57.36,40.0,60.4,14.68
821,Latvia,2000,Female,75.56,65.64,17.9,12.9,3.95
822,Lebanon,2015,Both sexes,75.98,65.67,17.9,3.3,1.65
823,Lebanon,2015,Male,73.47,64.69,20.4,4.2,2.75
824,Lebanon,2015,Female,78.82,66.82,15.2,2.4,0.52
825,Lebanon,2010,Both sexes,75.53,65.4,18.1,3.2,1.94
826,Lebanon,2010,Male,73.26,64.6,20.4,3.9,3.21
827,Lebanon,2010,Female,78.12,66.33,15.4,2.5,0.6
828,Lebanon,2000,Both sexes,74.61,64.66,21.2,3.0,2.96
829,Lebanon,2000,Male,73.03,64.4,24.2,4.0,5.04
830,Lebanon,2000,Female,76.14,64.92,18.3,2.1,0.94
831,Lesotho,2015,Both sexes,47.67,41.64,26.6,21.0,4.8
832,Lesotho,2015,Male,45.07,40.06,28.5,17.6,8.26
833,Lesotho,2015,Female,50.58,43.42,25.4,24.1,1.67
834,Lesotho,2010,Both sexes,47.38,41.46,27.0,20.1,6.5
835,Lesotho,2010,Male,44.5,39.63,28.5,16.8,11.2
836,Lesotho,2010,Female,50.69,43.61,25.9,23.2,2.28
837,Lesotho,2000,Both sexes,47.82,41.98,26.6,18.0,7.31
838,Lesotho,2000,Male,45.53,40.71,28.0,14.6,12.7
839,Lesotho,2000,Female,50.68,43.73,25.6,21.2,2.61
840,Liberia,2015,Both sexes,61.17,52.47,17.2,6.5,5.7
841,Liberia,2015,Male,60.65,52.74,16.9,6.7,9.08
842,Liberia,2015,Female,61.68,52.22,17.5,6.3,2.33
843,Liberia,2010,Both sexes,60.7,52.05,18.0,6.5,5.37
844,Liberia,2010,Male,60.07,52.3,17.9,6.8,8.57
845,Liberia,2010,Female,61.32,51.83,18.1,6.1,2.2
846,Liberia,2000,Both sexes,53.77,45.82,18.1,5.7,6.38
847,Liberia,2000,Male,52.89,45.7,18.0,6.6,10.21
848,Liberia,2000,Female,54.67,45.98,18.3,4.7,2.63
849,Libya,2015,Both sexes,74.6,64.35,19.7,4.2,0.028999999999999998
850,Libya,2015,Male,72.39,63.49,23.5,6.3,0.05
851,Libya,2015,Female,76.9,65.24,15.9,2.0,0.006999999999999999
852,Libya,2010,Both sexes,76.04,65.68,20.7,5.4,0.098
853,Libya,2010,Male,74.79,65.61,24.8,8.3,0.17
854,Libya,2010,Female,77.3,65.73,16.6,2.4,0.025
855,Libya,2000,Both sexes,74.4,64.59,22.7,5.3,0.064
856,Libya,2000,Male,72.7,64.19,25.4,7.7,0.11
857,Libya,2000,Female,76.28,64.99,19.8,2.7,0.016
858,Lithuania,2015,Both sexes,74.38,65.28,22.2,34.9,15.38
859,Lithuania,2015,Male,69.09,61.64,32.8,61.7,24.71
860,Lithuania,2015,Female,79.47,68.78,13.3,11.9,7.69
861,Lithuania,2010,Both sexes,73.14,64.25,23.6,37.3,15.25
862,Lithuania,2010,Male,67.49,60.24,34.7,66.1,24.59
863,Lithuania,2010,Female,78.67,68.17,14.1,12.8,7.56
864,Lithuania,2000,Both sexes,72.04,63.12,24.2,50.7,13.36
865,Lithuania,2000,Male,66.68,59.21,34.6,87.2,21.67
866,Lithuania,2000,Female,77.23,66.91,15.5,18.7,6.38
867,Luxembourg,2015,Both sexes,82.31,71.53,9.6,14.7,13.18
868,Luxembourg,2015,Male,80.26,70.87,11.6,21.4,19.84
869,Luxembourg,2015,Female,84.29,72.13,7.4,7.9,6.52
870,Luxembourg,2010,Both sexes,80.94,70.48,11.5,12.9,12.98
871,Luxembourg,2010,Male,78.61,69.59,14.1,18.2,19.71
872,Luxembourg,2010,Female,83.1,71.26,8.8,7.7,6.44
873,Luxembourg,2000,Both sexes,78.24,68.34,15.0,16.8,14.32
874,Luxembourg,2000,Male,75.15,66.77,19.4,23.4,21.75
875,Luxembourg,2000,Female,81.11,69.75,10.8,10.3,7.24
876,Madagascar,2015,Both sexes,64.19,56.3,23.1,4.0,1.88
877,Madagascar,2015,Male,62.87,55.84,24.7,5.7,3.06
878,Madagascar,2015,Female,65.5,56.77,21.7,2.2,0.73
879,Madagascar,2010,Both sexes,62.79,55.08,24.5,4.3,1.87
880,Madagascar,2010,Male,61.43,54.55,26.0,6.2,3.04
881,Madagascar,2010,Female,64.17,55.62,23.1,2.5,0.73
882,Madagascar,2000,Both sexes,58.82,51.32,27.2,4.7,2.11
883,Madagascar,2000,Male,57.54,50.71,28.2,6.5,3.43
884,Madagascar,2000,Female,60.18,51.98,26.3,2.8,0.82
885,Malawi,2015,Both sexes,63.04,54.89,16.3,3.6,3.62
886,Malawi,2015,Male,59.67,52.84,18.6,5.7,5.97
887,Malawi,2015,Female,66.47,56.98,14.5,1.6,1.38
888,Malawi,2010,Both sexes,56.8,49.59,17.5,3.8,3.21
889,Malawi,2010,Male,54.38,48.29,19.9,6.1,5.29
890,Malawi,2010,Female,59.24,50.93,15.4,1.6,1.23
891,Malawi,2000,Both sexes,44.73,39.07,21.0,6.2,2.42
892,Malawi,2000,Male,43.96,38.91,22.9,10.2,4.0
893,Malawi,2000,Female,45.59,39.31,19.2,2.4,0.92
894,Malaysia,2015,Both sexes,74.95,65.78,17.3,5.4,0.85
895,Malaysia,2015,Male,73.01,64.74,20.3,7.6,1.35
896,Malaysia,2015,Female,77.13,66.96,14.3,3.1,0.32
897,Malaysia,2010,Both sexes,74.25,65.38,18.2,5.1,1.32
898,Malaysia,2010,Male,72.25,64.27,21.2,7.3,2.11
899,Malaysia,2010,Female,76.52,66.63,15.1,2.8,0.49
900,Malaysia,2000,Both sexes,72.8,63.99,20.3,5.3,1.53
901,Malaysia,2000,Male,70.55,62.61,22.8,7.5,2.47
902,Malaysia,2000,Female,75.31,65.53,17.7,3.1,0.57
903,Maldives,2015,Both sexes,78.41,69.11,13.9,2.6,2.07
904,Maldives,2015,Male,77.56,68.96,16.7,3.5,3.22
905,Maldives,2015,Female,79.47,69.15,10.8,1.5,0.47
906,Maldives,2010,Both sexes,76.99,67.97,16.7,3.2,1.65
907,Maldives,2010,Male,76.02,67.83,19.6,4.1,2.63
908,Maldives,2010,Female,78.17,68.1,13.6,2.0,0.4
909,Maldives,2000,Both sexes,70.96,62.39,26.8,4.4,2.04
910,Maldives,2000,Male,70.42,62.41,27.9,5.4,3.48
911,Maldives,2000,Female,71.48,62.34,25.5,3.4,0.56
912,Mali,2015,Both sexes,60.89,52.98,24.8,4.8,1.25
913,Mali,2015,Male,60.36,53.26,22.7,6.9,2.15
914,Mali,2015,Female,61.41,52.74,26.5,2.7,0.37
915,Mali,2010,Both sexes,59.05,51.34,25.0,4.8,1.09
916,Mali,2010,Male,58.59,51.59,22.7,7.0,1.88
917,Mali,2010,Female,59.49,51.13,26.9,2.7,0.32
918,Mali,2000,Both sexes,52.64,45.61,27.5,5.5,1.15
919,Mali,2000,Male,52.61,46.04,23.6,7.8,2.0
920,Mali,2000,Female,52.75,45.3,30.6,3.2,0.35
921,Malta,2015,Both sexes,81.65,71.32,10.8,8.0,7.56
922,Malta,2015,Male,79.63,70.71,13.6,12.6,11.77
923,Malta,2015,Female,83.58,71.84,7.9,3.3,3.38
924,Malta,2010,Both sexes,80.45,70.41,11.2,8.0,6.58
925,Malta,2010,Male,78.23,69.58,14.0,13.6,10.3
926,Malta,2010,Female,82.54,71.13,8.5,2.5,2.93
927,Malta,2000,Both sexes,77.87,68.53,15.5,6.5,5.72
928,Malta,2000,Male,75.53,67.58,19.5,10.0,8.97
929,Malta,2000,Female,80.1,69.39,11.9,3.0,2.55
930,Mauritania,2015,Both sexes,67.41,58.95,18.0,4.3,0.033
931,Mauritania,2015,Male,67.19,59.41,18.1,6.4,0.057999999999999996
932,Mauritania,2015,Female,67.69,58.57,17.9,2.1,0.009000000000000001
933,Mauritania,2010,Both sexes,65.59,57.42,17.9,3.9,0.086
934,Mauritania,2010,Male,65.4,57.88,17.7,5.8,0.15
935,Mauritania,2010,Female,65.87,57.06,18.0,1.9,0.023
936,Mauritania,2000,Both sexes,61.96,54.36,18.1,3.4,0.2
937,Mauritania,2000,Male,61.75,54.81,18.3,5.1,0.35
938,Mauritania,2000,Female,62.23,54.01,17.9,1.7,0.053
939,Mauritius,2015,Both sexes,74.14,64.03,22.8,8.5,3.94
940,Mauritius,2015,Male,70.96,62.05,28.4,12.8,6.31
941,Mauritius,2015,Female,77.43,66.09,17.2,4.2,1.64
942,Mauritius,2010,Both sexes,73.24,63.37,24.1,8.1,3.81
943,Mauritius,2010,Male,69.84,61.27,30.0,12.7,6.11
944,Mauritius,2010,Female,76.8,65.58,18.4,3.6,1.58
945,Mauritius,2000,Both sexes,71.17,61.94,29.7,11.1,5.49
946,Mauritius,2000,Male,67.74,59.84,36.3,17.6,8.84
947,Mauritius,2000,Female,74.8,64.16,23.3,4.7,2.25
948,Mexico,2015,Both sexes,75.87,65.76,15.9,5.6,4.92
949,Mexico,2015,Male,73.09,64.34,17.5,8.8,7.83
950,Mexico,2015,Female,78.61,67.17,14.3,2.4,2.1
951,Mexico,2010,Both sexes,75.13,65.13,16.3,4.6,5.21
952,Mexico,2010,Male,72.23,63.6,17.6,7.4,8.29
953,Mexico,2010,Female,78.01,66.64,15.0,1.9,2.22
954,Mexico,2000,Both sexes,74.41,64.55,16.8,3.6,6.43
955,Mexico,2000,Male,71.68,63.27,17.7,6.1,10.24
956,Mexico,2000,Female,77.12,65.82,16.0,1.1,2.77
957,Micronesia (Federated States of),2015,Both sexes,62.74,55.8,26.5,11.4,2.44
958,Micronesia (Federated States of),2015,Male,60.14,54.28,29.5,16.1,4.0
959,Micronesia (Federated States of),2015,Female,65.66,57.51,23.5,6.5,0.83
960,Micronesia (Federated States of),2010,Both sexes,62.67,55.76,26.4,11.1,2.85
961,Micronesia (Federated States of),2010,Male,60.01,54.22,29.2,15.3,4.67
962,Micronesia (Federated States of),2010,Female,65.61,57.46,23.7,6.7,0.97
963,Micronesia (Federated States of),2000,Both sexes,61.19,54.5,27.4,10.8,3.86
964,Micronesia (Federated States of),2000,Male,58.45,52.9,30.1,14.0,6.4
965,Micronesia (Federated States of),2000,Female,64.2,56.25,24.8,7.5,1.34
966,Mongolia,2015,Both sexes,67.61,59.85,30.4,13.1,10.97
967,Mongolia,2015,Male,63.45,56.72,39.0,22.8,17.11
968,Mongolia,2015,Female,72.13,63.25,22.2,3.7,5.05
969,Mongolia,2010,Both sexes,65.05,57.77,32.3,16.6,9.65
970,Mongolia,2010,Male,61.09,54.76,40.2,28.5,15.05
971,Mongolia,2010,Female,69.47,61.11,24.5,4.9,4.4
972,Mongolia,2000,Both sexes,60.52,53.82,38.9,17.9,3.11
973,Mongolia,2000,Male,57.34,51.53,44.5,28.2,4.82
974,Mongolia,2000,Female,64.11,56.41,33.3,7.6,1.42
975,Montenegro,2015,Both sexes,75.27,66.64,20.9,10.0,10.92
976,Montenegro,2015,Male,72.83,65.1,26.8,14.9,17.42
977,Montenegro,2015,Female,77.73,68.18,15.1,5.2,4.74
978,Montenegro,2010,Both sexes,74.69,66.17,22.1,10.4,15.07
979,Montenegro,2010,Male,72.27,64.58,28.1,15.2,23.92
980,Montenegro,2010,Female,77.12,67.76,16.4,5.7,6.69
981,Morocco,2015,Both sexes,72.46,63.29,12.5,2.9,0.7
982,Morocco,2015,Male,71.37,63.48,13.5,2.3,1.24
983,Morocco,2015,Female,73.55,63.14,11.5,3.6,0.19
984,Morocco,2010,Both sexes,71.6,62.53,13.8,3.7,0.9
985,Morocco,2010,Male,71.07,63.1,15.1,2.7,1.59
986,Morocco,2010,Female,72.27,62.12,12.5,4.7,0.24
987,Morocco,2000,Both sexes,69.35,60.69,24.4,6.9,1.01
988,Morocco,2000,Male,68.06,60.67,27.6,5.8,1.79
989,Morocco,2000,Female,70.59,60.72,21.6,8.1,0.28
990,Mozambique,2015,Both sexes,55.95,48.6,18.4,4.9,2.19
991,Mozambique,2015,Male,52.42,46.23,19.8,7.4,3.67
992,Mozambique,2015,Female,59.45,50.95,17.4,2.6,0.84
993,Mozambique,2010,Both sexes,53.48,46.46,20.3,5.6,1.63
994,Mozambique,2010,Male,50.66,44.61,22.1,8.2,2.75
995,Mozambique,2010,Female,56.29,48.32,18.9,3.0,0.63
996,Mozambique,2000,Both sexes,50.69,43.58,27.3,8.8,2.33
997,Mozambique,2000,Male,48.37,42.12,28.5,13.2,3.98
998,Mozambique,2000,Female,53.05,45.11,26.4,4.8,0.91
999,Myanmar,2015,Both sexes,67.58,59.56,24.3,7.6,4.41
1000,Myanmar,2015,Male,64.32,57.51,27.3,5.8,7.26
1001,Myanmar,2015,Female,70.7,61.54,21.6,9.3,1.74
1002,Myanmar,2010,Both sexes,64.79,57.2,25.1,7.3,2.9
1003,Myanmar,2010,Male,61.62,55.2,27.7,5.6,4.78
1004,Myanmar,2010,Female,67.87,59.15,22.9,8.9,1.16
1005,Myanmar,2000,Both sexes,59.99,52.95,25.0,7.3,0.38
1006,Myanmar,2000,Male,57.31,51.16,26.1,4.2,0.63
1007,Myanmar,2000,Female,62.67,54.74,24.1,10.2,0.16
1008,Namibia,2015,Both sexes,62.87,54.57,21.6,9.0,5.23
1009,Namibia,2015,Male,59.36,52.29,24.8,14.5,8.79
1010,Namibia,2015,Female,66.22,56.73,19.2,3.8,1.99
1011,Namibia,2010,Both sexes,60.94,52.94,23.2,10.4,1.99
1012,Namibia,2010,Male,57.25,50.52,26.2,16.9,3.36
1013,Namibia,2010,Female,64.66,55.4,20.9,4.3,0.76
1014,Namibia,2000,Both sexes,53.32,46.6,25.6,10.9,3.26
1015,Namibia,2000,Male,51.01,45.25,28.6,17.8,5.51
1016,Namibia,2000,Female,55.5,47.89,23.0,4.3,1.17
1017,Nepal,2015,Both sexes,69.43,60.17,22.2,9.1,2.05
1018,Nepal,2015,Male,67.32,59.29,25.2,10.0,3.5
1019,Nepal,2015,Female,71.39,61.05,19.6,8.3,0.76
1020,Nepal,2010,Both sexes,69.18,59.95,23.8,10.5,1.94
1021,Nepal,2010,Male,67.52,59.39,26.5,10.7,3.3
1022,Nepal,2010,Female,70.92,60.55,21.1,10.2,0.71
1023,Nepal,2000,Both sexes,65.26,56.25,27.3,15.4,1.12
1024,Nepal,2000,Male,63.87,55.8,30.7,16.8,1.88
1025,Nepal,2000,Female,66.57,56.67,24.2,14.0,0.4
1026,Netherlands,2015,Both sexes,81.28,71.12,11.3,12.5,9.55
1027,Netherlands,2015,Male,79.67,70.87,12.8,16.0,14.75
1028,Netherlands,2015,Female,82.82,71.33,9.7,9.0,4.48
1029,Netherlands,2010,Both sexes,80.68,70.9,12.5,10.0,10.21
1030,Netherlands,2010,Male,78.74,70.33,14.5,14.0,15.73
1031,Netherlands,2010,Female,82.5,71.39,10.3,6.0,4.84
1032,Netherlands,2000,Both sexes,78.01,68.77,16.2,9.8,11.08
1033,Netherlands,2000,Male,75.49,67.66,20.1,13.1,17.09
1034,Netherlands,2000,Female,80.39,69.75,12.4,6.5,5.27
1035,New Zealand,2015,Both sexes,81.31,69.89,10.4,12.1,10.44
1036,New Zealand,2015,Male,79.73,69.26,11.9,17.9,16.09
1037,New Zealand,2015,Female,82.85,70.52,8.9,6.6,5.09
1038,New Zealand,2010,Both sexes,80.94,69.78,11.8,13.0,11.32
1039,New Zealand,2010,Male,79.12,68.99,13.7,18.6,17.47
1040,New Zealand,2010,Female,82.71,70.57,10.0,7.5,5.52
1041,New Zealand,2000,Both sexes,78.57,67.8,15.9,12.9,10.42
1042,New Zealand,2000,Male,76.0,66.4,18.8,21.2,16.19
1043,New Zealand,2000,Female,81.06,69.16,13.0,5.0,5.0
1044,Nicaragua,2015,Both sexes,74.62,65.16,14.4,12.2,5.03
1045,Nicaragua,2015,Male,71.83,63.45,15.0,19.3,8.24
1046,Nicaragua,2015,Female,77.32,66.82,13.9,5.4,2.02
1047,Nicaragua,2010,Both sexes,74.05,64.7,15.4,12.5,4.79
1048,Nicaragua,2010,Male,71.38,63.05,15.8,19.3,7.84
1049,Nicaragua,2010,Female,76.66,66.32,15.0,5.9,1.94
1050,Nicaragua,2000,Both sexes,73.26,63.69,19.5,17.2,5.05
1051,Nicaragua,2000,Male,70.77,62.19,19.4,26.2,8.24
1052,Nicaragua,2000,Female,75.67,65.15,19.6,8.4,2.07
1053,Niger,2015,Both sexes,61.54,54.14,20.2,4.7,0.55
1054,Niger,2015,Male,60.28,53.84,20.3,6.0,0.95
1055,Niger,2015,Female,62.86,54.5,20.0,3.3,0.16
1056,Niger,2010,Both sexes,58.95,51.86,20.8,4.9,0.31
1057,Niger,2010,Male,57.77,51.56,20.6,6.1,0.55
1058,Niger,2010,Female,60.19,52.21,21.0,3.6,0.09
1059,Niger,2000,Both sexes,50.35,44.18,20.1,4.6,0.23
1060,Niger,2000,Male,49.73,44.2,19.3,5.6,0.41
1061,Niger,2000,Female,50.99,44.19,20.8,3.5,0.066
1062,Nigeria,2015,Both sexes,61.16,53.13,22.5,9.6,10.81
1063,Nigeria,2015,Male,59.59,52.49,20.8,9.7,17.2
1064,Nigeria,2015,Female,62.8,53.79,24.0,9.5,4.33
1065,Nigeria,2010,Both sexes,59.24,51.5,22.9,10.0,11.72
1066,Nigeria,2010,Male,57.75,50.95,21.0,9.0,18.79
1067,Nigeria,2010,Female,60.79,52.09,24.7,10.9,4.59
1068,Nigeria,2000,Both sexes,53.63,46.46,25.5,10.2,12.5
1069,Nigeria,2000,Male,52.16,45.76,22.6,9.3,20.11
1070,Nigeria,2000,Female,55.17,47.19,28.1,11.0,4.87
1071,Norway,2015,Both sexes,82.01,71.23,9.3,12.4,7.52
1072,Norway,2015,Male,80.26,70.55,11.0,15.6,11.38
1073,Norway,2015,Female,83.71,71.86,7.6,9.1,3.63
1074,Norway,2010,Both sexes,80.87,70.18,11.3,12.6,8.94
1075,Norway,2010,Male,78.83,69.27,13.4,16.5,13.59
1076,Norway,2010,Female,82.85,71.03,9.1,8.6,4.35
1077,Norway,2000,Both sexes,78.53,68.43,14.2,13.3,7.95
1078,Norway,2000,Male,75.86,67.0,17.6,19.5,12.18
1079,Norway,2000,Female,81.15,69.81,10.9,7.1,3.87
1080,Oman,2015,Both sexes,72.52,63.75,18.1,4.1,0.77
1081,Oman,2015,Male,71.4,63.42,19.8,5.9,1.03
1082,Oman,2015,Female,74.09,63.78,15.8,0.8,0.19
1083,Oman,2010,Both sexes,70.36,62.04,20.2,3.7,0.73
1084,Oman,2010,Male,68.97,61.54,21.7,5.5,1.03
1085,Oman,2010,Female,72.55,62.65,17.7,0.8,0.21
1086,Oman,2000,Both sexes,69.07,60.94,23.4,4.3,6.56
1087,Oman,2000,Male,67.26,60.15,25.6,6.6,9.84
1088,Oman,2000,Female,71.53,61.88,20.6,1.2,1.87
1089,Pakistan,2015,Both sexes,64.18,55.78,24.8,2.9,0.29
1090,Pakistan,2015,Male,63.12,55.78,26.7,2.8,0.48
1091,Pakistan,2015,Female,65.36,55.8,22.7,3.1,0.08800000000000001
1092,Pakistan,2010,Both sexes,62.64,54.49,25.6,3.1,0.19
1093,Pakistan,2010,Male,61.53,54.45,27.4,2.8,0.31
1094,Pakistan,2010,Female,63.9,54.54,23.7,3.4,0.057
1095,Pakistan,2000,Both sexes,60.08,52.35,26.7,3.4,0.085
1096,Pakistan,2000,Male,59.32,52.58,28.7,2.9,0.14
1097,Pakistan,2000,Female,60.99,52.13,24.4,4.0,0.026000000000000002
1098,Panama,2015,Both sexes,78.72,68.28,13.2,3.9,7.71
1099,Panama,2015,Male,76.17,67.02,15.7,6.5,12.14
1100,Panama,2015,Female,81.38,69.61,10.9,1.3,3.31
1101,Panama,2010,Both sexes,77.53,67.47,13.4,5.1,6.84
1102,Panama,2010,Male,74.63,65.92,15.8,8.6,10.83
1103,Panama,2010,Female,80.65,69.15,11.2,1.5,2.86
1104,Panama,2000,Both sexes,77.23,67.2,15.0,6.0,5.48
1105,Panama,2000,Male,74.6,65.91,16.5,10.4,8.73
1106,Panama,2000,Female,80.08,68.6,13.5,1.6,2.23
1107,Papua New Guinea,2015,Both sexes,64.49,56.42,29.9,6.0,1.39
1108,Papua New Guinea,2015,Male,62.57,55.51,33.5,8.5,2.3
1109,Papua New Guinea,2015,Female,66.54,57.4,26.6,3.4,0.47
1110,Papua New Guinea,2010,Both sexes,63.42,55.43,28.2,5.4,1.67
1111,Papua New Guinea,2010,Male,61.52,54.5,31.0,7.6,2.76
1112,Papua New Guinea,2010,Female,65.4,56.39,25.6,3.2,0.56
1113,Papua New Guinea,2000,Both sexes,63.29,55.28,31.2,7.1,1.79
1114,Papua New Guinea,2000,Male,61.12,54.14,34.1,9.8,2.96
1115,Papua New Guinea,2000,Female,65.57,56.48,28.3,4.3,0.61
1116,Paraguay,2015,Both sexes,75.56,65.63,17.7,9.9,7.26
1117,Paraguay,2015,Male,72.83,64.34,18.9,13.0,11.36
1118,Paraguay,2015,Female,78.6,67.08,16.5,6.6,3.05
1119,Paraguay,2010,Both sexes,74.99,65.23,18.6,9.3,7.58
1120,Paraguay,2010,Male,72.47,64.08,19.7,12.2,11.87
1121,Paraguay,2010,Female,77.73,66.48,17.4,6.3,3.19
1122,Paraguay,2000,Both sexes,74.8,65.0,21.2,10.1,6.38
1123,Paraguay,2000,Male,72.57,64.05,22.4,13.9,10.01
1124,Paraguay,2000,Female,77.14,65.98,20.1,6.3,2.68
1125,Peru,2015,Both sexes,79.08,68.85,12.8,4.9,6.63
1126,Peru,2015,Male,77.55,68.48,14.3,7.2,10.15
1127,Peru,2015,Female,80.56,69.21,11.4,2.7,3.18
1128,Peru,2010,Both sexes,77.28,67.48,13.6,4.6,7.69
1129,Peru,2010,Male,75.61,67.02,14.9,6.7,11.78
1130,Peru,2010,Female,78.91,67.93,12.3,2.5,3.68
1131,Peru,2000,Both sexes,74.42,64.9,15.3,5.1,6.54
1132,Peru,2000,Male,72.86,64.57,16.4,7.3,10.04
1133,Peru,2000,Female,75.94,65.26,14.3,2.9,3.1
1134,Philippines,2015,Both sexes,70.3,61.91,26.9,3.2,6.7
1135,Philippines,2015,Male,67.13,59.94,32.9,4.5,10.68
1136,Philippines,2015,Female,73.66,64.01,21.1,2.0,2.73
1137,Philippines,2010,Both sexes,69.96,61.57,27.6,3.3,6.98
1138,Philippines,2010,Male,66.63,59.5,33.5,4.7,11.14
1139,Philippines,2010,Female,73.52,63.79,21.8,1.9,2.82
1140,Philippines,2000,Both sexes,69.03,60.58,26.8,2.5,6.06
1141,Philippines,2000,Male,65.47,58.22,31.6,3.5,9.69
1142,Philippines,2000,Female,72.87,63.11,22.2,1.6,2.46
1143,Poland,2015,Both sexes,77.29,68.03,19.3,15.8,11.63
1144,Poland,2015,Male,73.36,65.12,26.4,28.4,18.28
1145,Poland,2015,Female,81.15,70.89,12.7,4.1,5.54
1146,Poland,2010,Both sexes,76.25,67.13,20.4,18.6,11.21
1147,Poland,2010,Male,72.08,64.04,28.2,33.4,17.63
1148,Poland,2010,Female,80.37,70.17,13.2,4.8,5.33
1149,Poland,2000,Both sexes,73.7,65.0,24.8,16.9,9.17
1150,Poland,2000,Male,69.51,61.9,34.2,29.0,14.55
1151,Poland,2000,Female,77.88,68.09,16.2,5.5,4.22
1152,Portugal,2015,Both sexes,80.89,70.49,11.2,13.8,11.88
1153,Portugal,2015,Male,77.92,69.05,15.7,22.0,19.17
1154,Portugal,2015,Female,83.67,71.83,7.1,6.4,5.48
1155,Portugal,2010,Both sexes,79.73,69.34,12.1,13.5,12.51
1156,Portugal,2010,Male,76.59,67.84,16.8,21.1,19.9
1157,Portugal,2010,Female,82.74,70.76,7.8,6.6,5.88
1158,Portugal,2000,Both sexes,76.58,66.83,15.7,7.5,14.08
1159,Portugal,2000,Male,73.07,64.96,20.9,12.2,22.06
1160,Portugal,2000,Female,80.07,68.68,10.8,3.0,6.8
1161,Qatar,2015,Both sexes,76.41,66.44,15.4,6.5,1.62
1162,Qatar,2015,Male,77.17,67.43,16.2,8.3,1.94
1163,Qatar,2015,Female,75.93,64.53,13.8,0.9,0.4
1164,Qatar,2010,Both sexes,74.08,64.72,16.4,6.1,1.69
1165,Qatar,2010,Male,74.97,65.76,17.0,7.7,2.02
1166,Qatar,2010,Female,73.87,63.11,15.6,0.9,0.39
1167,Qatar,2000,Both sexes,71.29,62.45,18.3,3.4,1.15
1168,Qatar,2000,Male,71.11,62.84,18.1,4.7,1.52
1169,Qatar,2000,Female,71.74,61.43,19.0,1.1,0.3
1170,Republic of Korea,2015,Both sexes,82.2,72.03,8.3,28.3,10.04
1171,Republic of Korea,2015,Male,79.03,70.17,11.6,39.9,15.16
1172,Republic of Korea,2015,Female,85.12,73.73,5.1,16.5,4.97
1173,Republic of Korea,2010,Both sexes,80.58,70.88,10.6,34.1,9.97
1174,Republic of Korea,2010,Male,77.12,68.7,14.8,45.1,15.07
1175,Republic of Korea,2010,Female,83.78,72.88,6.4,23.1,4.93
1176,Republic of Korea,2000,Both sexes,76.21,67.36,16.5,14.8,12.31
1177,Republic of Korea,2000,Male,72.49,64.93,22.9,20.3,18.59
1178,Republic of Korea,2000,Female,79.76,69.67,10.6,9.3,6.16
1179,Republic of Moldova,2015,Both sexes,71.13,62.86,27.5,16.4,11.87
1180,Republic of Moldova,2015,Male,67.19,60.2,36.6,28.5,18.92
1181,Republic of Moldova,2015,Female,75.05,65.5,19.5,5.2,5.53
1182,Republic of Moldova,2010,Both sexes,68.81,61.04,29.5,20.9,15.54
1183,Republic of Moldova,2010,Male,64.62,58.13,38.1,37.0,24.36
1184,Republic of Moldova,2010,Female,73.11,64.02,22.0,5.9,7.57
1185,Republic of Moldova,2000,Both sexes,66.87,59.26,31.9,16.4,13.89
1186,Republic of Moldova,2000,Male,63.15,56.65,39.6,29.4,21.53
1187,Republic of Moldova,2000,Female,70.53,61.82,25.5,4.5,7.14
1188,The former Yugoslav Republic of Macedonia,2015,Both sexes,73.73,65.33,20.7,7.8,5.93
1189,The former Yugoslav Republic of Macedonia,2015,Male,71.67,64.16,25.8,11.7,9.54
1190,The former Yugoslav Republic of Macedonia,2015,Female,75.87,66.54,15.7,3.9,2.36
1191,The former Yugoslav Republic of Macedonia,2010,Both sexes,73.11,64.86,23.0,5.9,5.93
1192,The former Yugoslav Republic of Macedonia,2010,Male,70.92,63.56,28.6,8.4,9.53
1193,The former Yugoslav Republic of Macedonia,2010,Female,75.4,66.21,17.5,3.4,2.38
1194,The former Yugoslav Republic of Macedonia,2000,Both sexes,71.11,63.19,26.0,7.7,7.31
1195,The former Yugoslav Republic of Macedonia,2000,Male,68.86,61.82,31.3,10.7,11.69
1196,The former Yugoslav Republic of Macedonia,2000,Female,73.48,64.63,20.8,4.6,2.98
1197,Romania,2015,Both sexes,74.82,66.28,21.5,11.6,11.64
1198,Romania,2015,Male,71.28,63.76,29.4,20.3,18.37
1199,Romania,2015,Female,78.42,68.83,14.0,3.5,5.45
1200,Romania,2010,Both sexes,73.7,65.43,23.4,14.0,13.97
1201,Romania,2010,Male,70.07,62.81,31.7,23.9,21.78
1202,Romania,2010,Female,77.43,68.12,15.6,4.8,6.75
1203,Romania,2000,Both sexes,71.39,63.27,26.4,13.2,17.45
1204,Romania,2000,Male,67.98,60.72,34.3,22.1,27.13
1205,Romania,2000,Female,74.92,65.91,19.1,4.8,8.39
1206,Russian Federation,2015,Both sexes,71.3,62.67,25.9,32.1,12.47
1207,Russian Federation,2015,Male,65.85,58.77,37.2,57.8,21.28
1208,Russian Federation,2015,Female,76.6,66.46,16.4,9.9,5.12
1209,Russian Federation,2010,Both sexes,68.76,60.48,30.4,40.0,15.87
1210,Russian Federation,2010,Male,62.94,56.16,43.1,71.7,26.54
1211,Russian Federation,2010,Female,74.72,64.9,19.6,12.5,6.96
1212,Russian Federation,2000,Both sexes,65.29,57.34,37.0,52.6,15.73
1213,Russian Federation,2000,Male,59.02,52.42,50.5,93.5,26.2
1214,Russian Federation,2000,Female,72.25,62.78,24.7,16.5,6.88
1215,Rwanda,2015,Both sexes,67.69,58.87,18.3,6.8,9.26
1216,Rwanda,2015,Male,65.47,57.61,19.7,9.7,15.24
1217,Rwanda,2015,Female,69.82,60.07,17.1,3.9,3.64
1218,Rwanda,2010,Both sexes,64.44,55.93,19.2,7.5,10.27
1219,Rwanda,2010,Male,62.31,54.75,20.7,10.7,16.84
1220,Rwanda,2010,Female,66.51,57.07,18.2,4.5,4.12
1221,Rwanda,2000,Both sexes,47.51,41.19,30.1,15.6,13.73
1222,Rwanda,2000,Male,45.88,40.39,30.1,19.0,22.14
1223,Rwanda,2000,Female,49.19,42.04,30.2,12.4,5.94
1224,Saint Lucia,2015,Both sexes,75.01,65.25,19.0,7.8,9.97
1225,Saint Lucia,2015,Male,71.82,63.38,20.9,13.6,16.13
1226,Saint Lucia,2015,Female,78.52,67.34,17.2,2.2,4.13
1227,Saint Lucia,2010,Both sexes,75.2,65.45,19.4,6.1,9.69
1228,Saint Lucia,2010,Male,71.86,63.45,21.0,10.8,15.62
1229,Saint Lucia,2010,Female,78.87,67.68,18.0,1.6,4.06
1230,Saint Lucia,2000,Both sexes,73.21,64.01,24.9,6.4,11.8
1231,Saint Lucia,2000,Male,70.31,62.37,25.5,10.9,19.0
1232,Saint Lucia,2000,Female,76.32,65.79,24.3,2.1,5.03
1233,Saint Vincent and the Grenadines,2015,Both sexes,72.47,63.51,22.3,2.7,8.46
1234,Saint Vincent and the Grenadines,2015,Male,70.3,62.25,25.9,4.4,13.43
1235,Saint Vincent and the Grenadines,2015,Female,74.91,64.95,18.6,1.0,3.41
1236,Saint Vincent and the Grenadines,2010,Both sexes,72.85,63.97,21.4,3.3,7.03
1237,Saint Vincent and the Grenadines,2010,Male,70.92,62.9,22.7,6.0,11.15
1238,Saint Vincent and the Grenadines,2010,Female,74.99,65.15,20.1,0.6,2.83
1239,Saint Vincent and the Grenadines,2000,Both sexes,70.61,62.23,24.6,6.3,5.01
1240,Saint Vincent and the Grenadines,2000,Male,68.51,61.09,25.2,11.5,7.97
1241,Saint Vincent and the Grenadines,2000,Female,72.81,63.42,24.1,0.9,2.0
1242,Samoa,2015,Both sexes,70.04,61.9,20.9,4.5,2.59
1243,Samoa,2015,Male,68.68,61.5,26.5,6.8,4.21
1244,Samoa,2015,Female,71.49,62.33,15.0,1.9,0.86
1245,Samoa,2010,Both sexes,69.57,61.54,23.4,5.0,2.97
1246,Samoa,2010,Male,68.08,61.04,29.5,7.8,4.84
1247,Samoa,2010,Female,71.16,62.07,16.8,2.1,0.98
1248,Samoa,2000,Both sexes,68.51,60.73,29.5,8.3,3.79
1249,Samoa,2000,Male,66.46,59.68,36.6,12.6,6.15
1250,Samoa,2000,Female,70.78,61.91,21.7,3.6,1.26
1251,Sao Tome and Principe,2015,Both sexes,69.6,60.95,18.6,2.3,7.19
1252,Sao Tome and Principe,2015,Male,68.05,60.37,18.7,3.0,11.37
1253,Sao Tome and Principe,2015,Female,71.12,61.5,18.7,1.5,3.11
1254,Sao Tome and Principe,2010,Both sexes,68.24,59.76,18.6,2.0,8.34
1255,Sao Tome and Principe,2010,Male,66.89,59.31,18.1,2.7,13.17
1256,Sao Tome and Principe,2010,Female,69.55,60.19,19.0,1.4,3.65
1257,Sao Tome and Principe,2000,Both sexes,63.45,55.55,19.8,2.0,8.2
1258,Sao Tome and Principe,2000,Male,62.55,55.47,18.9,2.7,12.97
1259,Sao Tome and Principe,2000,Female,64.31,55.66,20.5,1.3,3.61
1260,Saudi Arabia,2015,Both sexes,73.15,63.2,16.5,3.2,0.2
1261,Saudi Arabia,2015,Male,71.73,62.8,18.0,4.4,0.31
1262,Saudi Arabia,2015,Female,75.25,63.77,14.4,1.5,0.045
1263,Saudi Arabia,2010,Both sexes,71.76,62.19,17.9,3.4,0.17
1264,Saudi Arabia,2010,Male,70.39,61.86,19.5,5.0,0.26
1265,Saudi Arabia,2010,Female,73.67,62.58,15.9,1.4,0.038
1266,Saudi Arabia,2000,Both sexes,70.52,61.18,18.9,2.8,0.18
1267,Saudi Arabia,2000,Male,69.59,61.24,21.1,4.2,0.29
1268,Saudi Arabia,2000,Female,71.62,61.0,16.3,1.1,0.040999999999999995
1269,Senegal,2015,Both sexes,67.2,58.17,18.4,6.2,0.73
1270,Senegal,2015,Male,65.46,57.62,19.5,9.6,1.28
1271,Senegal,2015,Female,68.77,58.7,17.6,3.0,0.22
1272,Senegal,2010,Both sexes,65.47,56.65,20.0,6.9,0.6
1273,Senegal,2010,Male,63.67,56.01,20.6,10.4,1.05
1274,Senegal,2010,Female,67.15,57.29,19.5,3.6,0.18
1275,Senegal,2000,Both sexes,58.6,50.76,21.3,7.7,0.96
1276,Senegal,2000,Male,56.87,50.06,22.0,11.4,1.68
1277,Senegal,2000,Female,60.32,51.5,20.8,4.1,0.29
1278,Serbia,2015,Both sexes,75.21,66.44,20.1,15.0,8.7
1279,Serbia,2015,Male,72.69,64.85,25.8,22.3,13.84
1280,Serbia,2015,Female,77.76,68.06,14.5,8.1,3.87
1281,Serbia,2010,Both sexes,74.2,65.66,22.5,15.9,11.69
1282,Serbia,2010,Male,71.63,63.97,28.3,23.9,18.56
1283,Serbia,2010,Female,76.83,67.38,16.8,8.2,5.24
1284,Seychelles,2015,Both sexes,73.2,63.98,21.3,9.4,18.35
1285,Seychelles,2015,Male,69.95,61.9,28.8,16.5,28.57
1286,Seychelles,2015,Female,76.83,66.31,13.4,2.5,8.39
1287,Seychelles,2010,Both sexes,73.01,63.97,22.8,9.4,10.19
1288,Seychelles,2010,Male,69.57,61.78,30.3,15.9,15.59
1289,Seychelles,2010,Female,76.84,66.42,14.4,2.5,4.44
1290,Seychelles,2000,Both sexes,71.87,63.07,24.1,8.7,7.62
1291,Seychelles,2000,Male,67.81,60.33,32.2,15.0,11.96
1292,Seychelles,2000,Female,76.28,66.06,16.1,2.5,3.42
1293,Sierra Leone,2015,Both sexes,56.94,49.7,30.0,9.3,5.63
1294,Sierra Leone,2015,Male,55.9,49.39,27.6,10.8,9.81
1295,Sierra Leone,2015,Female,57.93,49.99,32.2,7.9,1.59
1296,Sierra Leone,2010,Both sexes,54.74,47.76,31.8,9.2,5.83
1297,Sierra Leone,2010,Male,53.65,47.39,29.7,10.8,10.16
1298,Sierra Leone,2010,Female,55.78,48.1,33.7,7.7,1.65
1299,Sierra Leone,2000,Both sexes,48.73,42.22,36.7,11.1,5.8
1300,Sierra Leone,2000,Male,46.77,40.94,36.9,13.2,9.91
1301,Sierra Leone,2000,Female,50.73,43.53,36.5,9.1,1.83
1302,Singapore,2015,Both sexes,82.81,73.2,10.0,9.0,2.07
1303,Singapore,2015,Male,80.72,72.12,12.7,12.1,3.11
1304,Singapore,2015,Female,84.89,74.25,7.3,6.1,1.07
1305,Singapore,2010,Both sexes,81.7,72.34,11.3,10.0,2.19
1306,Singapore,2010,Male,79.36,71.06,14.7,13.0,3.28
1307,Singapore,2010,Female,84.01,73.57,8.0,7.0,1.13
1308,Singapore,2000,Both sexes,78.44,69.49,16.8,12.4,2.49
1309,Singapore,2000,Male,76.2,68.22,20.5,16.2,3.73
1310,Singapore,2000,Female,80.71,70.76,13.0,8.7,1.28
1311,Slovakia,2015,Both sexes,77.01,67.64,17.7,12.8,11.53
1312,Slovakia,2015,Male,73.48,65.12,24.3,22.6,17.97
1313,Slovakia,2015,Female,80.37,70.01,11.5,3.5,5.55
1314,Slovakia,2010,Both sexes,75.47,66.48,20.4,13.9,12.0
1315,Slovakia,2010,Male,71.69,63.75,28.4,24.4,18.71
1316,Slovakia,2010,Female,79.12,69.12,13.1,3.9,5.81
1317,Slovakia,2000,Both sexes,73.3,64.72,25.3,14.4,12.47
1318,Slovakia,2000,Male,69.16,61.64,35.2,24.2,19.59
1319,Slovakia,2000,Female,77.43,67.78,16.4,5.1,5.92
1320,Slovenia,2015,Both sexes,80.47,70.04,13.1,21.0,12.74
1321,Slovenia,2015,Male,77.57,68.13,16.9,33.3,19.65
1322,Slovenia,2015,Female,83.32,71.92,9.2,8.9,6.01
1323,Slovenia,2010,Both sexes,79.55,69.23,13.5,20.7,11.54
1324,Slovenia,2010,Male,76.25,66.96,18.1,34.0,17.84
1325,Slovenia,2010,Female,82.73,71.41,8.9,7.6,5.46
1326,Slovenia,2000,Both sexes,76.05,66.52,18.5,32.4,12.6
1327,Slovenia,2000,Male,72.18,63.77,25.4,48.0,19.59
1328,Slovenia,2000,Female,79.74,69.12,12.1,17.6,6.04
1329,Solomon Islands,2015,Both sexes,64.74,57.4,24.4,4.9,1.55
1330,Solomon Islands,2015,Male,62.34,56.1,26.7,7.0,2.56
1331,Solomon Islands,2015,Female,67.41,58.84,22.0,2.7,0.53
1332,Solomon Islands,2010,Both sexes,63.69,56.58,25.8,5.8,1.6
1333,Solomon Islands,2010,Male,61.3,55.28,27.8,8.0,2.65
1334,Solomon Islands,2010,Female,66.4,58.06,23.6,3.4,0.55
1335,Solomon Islands,2000,Both sexes,62.51,55.68,31.2,11.2,1.2
1336,Solomon Islands,2000,Male,60.12,54.36,33.3,14.5,1.96
1337,Solomon Islands,2000,Female,65.24,57.18,29.0,7.7,0.41
1338,Somalia,2015,Both sexes,54.57,48.09,21.9,4.7,0.013000000000000001
1339,Somalia,2015,Male,52.17,46.73,21.8,6.3,0.023
1340,Somalia,2015,Female,57.31,49.68,22.1,3.1,0.004
1341,Somalia,2010,Both sexes,51.98,45.91,21.6,4.3,0.28
1342,Somalia,2010,Male,49.49,44.44,21.1,5.7,0.49
1343,Somalia,2010,Female,54.91,47.67,22.1,2.9,0.07400000000000001
1344,Somalia,2000,Both sexes,49.87,44.01,24.1,4.7,0.0
1345,Somalia,2000,Male,47.6,42.75,24.0,6.2,0.0
1346,Somalia,2000,Female,52.58,45.53,24.2,3.2,0.0
1347,South Africa,2015,Both sexes,62.57,54.11,26.6,11.8,9.61
1348,South Africa,2015,Male,59.82,52.71,32.6,19.0,16.05
1349,South Africa,2015,Female,65.34,55.5,21.5,4.8,3.53
1350,South Africa,2010,Both sexes,57.14,49.61,28.2,12.2,10.04
1351,South Africa,2010,Male,55.04,48.72,33.9,19.2,16.71
1352,South Africa,2010,Female,59.24,50.5,23.4,5.4,3.74
1353,South Africa,2000,Both sexes,55.75,48.48,29.4,11.6,10.02
1354,South Africa,2000,Male,53.08,47.06,34.4,17.7,16.69
1355,South Africa,2000,Female,58.63,50.03,25.0,5.7,3.76
1356,Spain,2015,Both sexes,82.33,71.56,10.1,8.1,11.32
1357,Spain,2015,Male,79.66,70.64,13.9,12.0,17.85
1358,Spain,2015,Female,84.94,72.44,6.5,4.3,5.13
1359,Spain,2010,Both sexes,81.69,71.03,10.7,7.0,10.03
1360,Spain,2010,Male,78.76,69.81,15.0,10.9,15.67
1361,Spain,2010,Female,84.58,72.22,6.6,3.2,4.6
1362,Spain,2000,Both sexes,79.08,69.06,13.5,8.6,12.43
1363,Spain,2000,Male,75.69,67.14,19.1,13.1,19.3
1364,Spain,2000,Female,82.48,70.99,8.0,4.3,5.9
1365,Sri Lanka,2015,Both sexes,76.27,66.55,17.6,14.8,4.1
1366,Sri Lanka,2015,Male,73.05,64.42,22.3,24.0,6.76
1367,Sri Lanka,2015,Female,79.41,68.63,13.4,6.2,1.69
1368,Sri Lanka,2010,Both sexes,73.3,64.19,17.6,19.1,3.92
1369,Sri Lanka,2010,Male,69.44,61.45,22.6,30.4,6.44
1370,Sri Lanka,2010,Female,77.26,66.99,12.9,8.3,1.59
1371,Sri Lanka,2000,Both sexes,71.89,62.99,21.5,28.8,2.22
1372,Sri Lanka,2000,Male,67.92,60.12,26.3,44.5,3.58
1373,Sri Lanka,2000,Female,76.3,66.18,16.8,13.2,0.89
1374,Sudan,2015,Both sexes,67.94,58.89,26.0,8.0,0.52
1375,Sudan,2015,Male,66.19,58.42,27.9,12.1,0.9
1376,Sudan,2015,Female,69.71,59.39,24.3,4.0,0.15
1377,Suriname,2015,Both sexes,72.6,63.18,21.8,23.8,5.81
1378,Suriname,2015,Male,69.5,61.4,26.6,36.3,9.25
1379,Suriname,2015,Female,75.85,65.03,17.3,11.3,2.41
1380,Suriname,2010,Both sexes,71.83,62.65,23.0,27.0,6.22
1381,Suriname,2010,Male,68.71,60.82,27.5,40.9,9.94
1382,Suriname,2010,Female,75.12,64.57,18.8,13.0,2.55
1383,Suriname,2000,Both sexes,69.94,61.31,28.0,23.5,5.29
1384,Suriname,2000,Male,67.13,59.72,31.2,36.4,8.47
1385,Suriname,2000,Female,72.98,63.03,25.0,10.4,2.11
1386,Sweden,2015,Both sexes,81.75,71.43,9.3,15.7,9.13
1387,Sweden,2015,Male,79.97,71.0,10.7,20.9,14.02
1388,Sweden,2015,Female,83.5,71.83,7.9,10.5,4.29
1389,Sweden,2010,Both sexes,81.3,71.18,10.4,15.3,9.49
1390,Sweden,2010,Male,79.41,70.66,12.1,21.0,14.65
1391,Sweden,2010,Female,83.15,71.65,8.7,9.5,4.44
1392,Sweden,2000,Both sexes,79.57,69.86,13.2,15.6,8.53
1393,Sweden,2000,Male,77.28,69.0,15.8,20.5,13.31
1394,Sweden,2000,Female,81.79,70.65,10.6,10.8,3.91
1395,Switzerland,2015,Both sexes,82.61,71.75,8.7,17.1,11.58
1396,Switzerland,2015,Male,80.64,71.15,10.8,22.0,17.73
1397,Switzerland,2015,Female,84.5,72.28,6.7,12.3,5.64
1398,Switzerland,2010,Both sexes,82.19,71.37,9.7,16.2,11.41
1399,Switzerland,2010,Male,80.03,70.64,12.1,21.1,17.55
1400,Switzerland,2010,Female,84.18,72.0,7.3,11.4,5.56
1401,Switzerland,2000,Both sexes,79.72,69.29,12.6,21.8,12.49
1402,Switzerland,2000,Male,76.89,67.87,16.4,29.7,19.28
1403,Switzerland,2000,Female,82.35,70.57,9.1,14.2,6.14
1404,Syrian Arab Republic,2015,Both sexes,64.4,56.34,21.8,1.9,0.28
1405,Syrian Arab Republic,2015,Male,60.88,54.14,24.9,2.9,0.49
1406,Syrian Arab Republic,2015,Female,68.37,58.81,18.7,0.9,0.07200000000000001
1407,Syrian Arab Republic,2010,Both sexes,74.35,65.11,22.1,1.9,0.88
1408,Syrian Arab Republic,2010,Male,73.2,65.22,25.3,3.0,1.54
1409,Syrian Arab Republic,2010,Female,75.63,65.09,18.8,0.8,0.23
1410,Syrian Arab Republic,2000,Both sexes,71.46,62.8,22.6,1.3,1.15
1411,Syrian Arab Republic,2000,Male,70.35,62.91,27.1,2.1,1.99
1412,Syrian Arab Republic,2000,Female,72.71,62.79,18.2,0.6,0.3
1413,Tajikistan,2015,Both sexes,68.66,61.43,25.4,2.5,3.11
1414,Tajikistan,2015,Male,66.69,60.29,28.7,3.7,5.31
1415,Tajikistan,2015,Female,70.82,62.69,22.2,1.3,0.95
1416,Tajikistan,2010,Both sexes,68.01,60.86,26.1,2.5,2.4
1417,Tajikistan,2010,Male,66.04,59.67,28.8,3.6,4.07
1418,Tajikistan,2010,Female,70.19,62.19,23.0,1.3,0.74
1419,Tajikistan,2000,Both sexes,65.58,58.35,27.3,3.0,2.97
1420,Tajikistan,2000,Male,63.53,57.01,29.5,4.3,5.02
1421,Tajikistan,2000,Female,67.77,59.79,25.0,1.6,0.96
1422,Thailand,2015,Both sexes,77.41,68.02,14.6,14.6,8.36
1423,Thailand,2015,Male,74.13,65.73,18.4,23.6,13.52
1424,Thailand,2015,Female,80.7,70.33,11.1,5.9,3.54
1425,Thailand,2010,Both sexes,76.25,67.09,15.8,14.3,7.71
1426,Thailand,2010,Male,73.24,65.01,19.3,22.6,12.46
1427,Thailand,2010,Female,79.3,69.19,12.6,6.4,3.24
1428,Thailand,2000,Both sexes,71.25,62.64,19.2,16.2,6.49
1429,Thailand,2000,Male,67.52,59.87,22.6,24.2,10.47
1430,Thailand,2000,Female,75.2,65.55,16.1,8.4,2.7
1431,Timor-Leste,2015,Both sexes,68.87,60.34,19.9,4.6,2.01
1432,Timor-Leste,2015,Male,67.31,59.43,21.7,6.2,3.17
1433,Timor-Leste,2015,Female,70.49,61.28,18.0,2.9,0.82
1434,Timor-Leste,2010,Both sexes,68.06,59.29,23.2,5.3,0.7
1435,Timor-Leste,2010,Male,66.79,58.43,24.9,7.3,1.11
1436,Timor-Leste,2010,Female,69.36,60.19,21.4,3.3,0.29
1437,Timor-Leste,2000,Both sexes,62.67,53.05,26.8,9.3,1.53
1438,Timor-Leste,2000,Male,61.95,52.4,28.2,12.7,2.43
1439,Timor-Leste,2000,Female,63.4,53.73,25.3,5.9,0.61
1440,Togo,2015,Both sexes,61.92,54.21,23.5,9.4,2.37
1441,Togo,2015,Male,59.24,52.77,24.1,12.5,3.78
1442,Togo,2015,Female,64.83,55.8,23.0,6.2,0.98
1443,Togo,2010,Both sexes,59.33,51.96,24.4,9.5,2.11
1444,Togo,2010,Male,57.04,50.82,25.1,12.9,3.36
1445,Togo,2010,Female,61.83,53.24,23.7,6.2,0.88
1446,Togo,2000,Both sexes,55.95,48.93,24.9,9.6,1.79
1447,Togo,2000,Male,53.9,47.96,25.7,12.8,2.85
1448,Togo,2000,Female,58.13,49.98,24.2,6.5,0.76
1449,Tonga,2015,Both sexes,72.33,63.93,23.5,3.5,0.68
1450,Tonga,2015,Male,69.45,62.49,29.9,4.2,1.14
1451,Tonga,2015,Female,75.54,65.58,17.7,2.7,0.24
1452,Tonga,2010,Both sexes,72.22,63.87,24.7,3.6,1.39
1453,Tonga,2010,Male,69.14,62.32,30.8,4.3,2.34
1454,Tonga,2010,Female,75.5,65.55,18.7,2.8,0.49
1455,Tonga,2000,Both sexes,70.92,62.87,26.1,3.6,1.7
1456,Tonga,2000,Male,68.04,61.47,30.9,3.9,2.81
1457,Tonga,2000,Female,74.2,64.51,21.7,3.3,0.59
1458,Trinidad and Tobago,2015,Both sexes,74.61,65.19,21.5,13.6,6.88
1459,Trinidad and Tobago,2015,Male,71.1,62.93,24.9,22.9,10.83
1460,Trinidad and Tobago,2015,Female,78.33,67.58,18.3,4.5,3.09
1461,Trinidad and Tobago,2010,Both sexes,72.12,63.34,23.6,14.5,6.21
1462,Trinidad and Tobago,2010,Male,68.74,61.17,27.2,23.6,9.73
1463,Trinidad and Tobago,2010,Female,75.69,65.65,20.1,5.6,2.81
1464,Trinidad and Tobago,2000,Both sexes,69.7,61.43,28.9,14.9,5.27
1465,Trinidad and Tobago,2000,Male,66.94,59.82,33.2,23.3,8.33
1466,Trinidad and Tobago,2000,Female,72.58,63.11,24.8,6.5,2.28
1467,Tunisia,2015,Both sexes,76.7,66.75,16.4,3.4,1.99
1468,Tunisia,2015,Male,74.58,65.97,20.5,4.5,3.52
1469,Tunisia,2015,Female,78.83,67.55,12.4,2.3,0.53
1470,Tunisia,2010,Both sexes,76.05,66.3,17.5,3.6,1.4
1471,Tunisia,2010,Male,73.95,65.49,22.1,5.0,2.46
1472,Tunisia,2010,Female,78.21,67.15,12.9,2.3,0.38
1473,Tunisia,2000,Both sexes,74.12,64.8,19.3,3.5,1.36
1474,Tunisia,2000,Male,71.94,63.94,24.1,4.9,2.36
1475,Tunisia,2000,Female,76.49,65.78,14.1,2.1,0.37
1476,Turkey,2015,Both sexes,77.79,67.72,16.4,7.3,2.12
1477,Turkey,2015,Male,75.39,66.94,21.8,11.4,3.76
1478,Turkey,2015,Female,80.06,68.43,11.5,3.4,0.58
1479,Turkey,2010,Both sexes,76.89,66.95,18.2,8.4,2.32
1480,Turkey,2010,Male,74.65,66.3,24.3,13.1,4.1
1481,Turkey,2010,Female,79.08,67.6,12.5,3.8,0.64
1482,Turkey,2000,Both sexes,74.41,64.97,22.3,7.2,2.41
1483,Turkey,2000,Male,71.94,64.13,28.6,11.5,4.25
1484,Turkey,2000,Female,76.85,65.83,15.9,2.9,0.67
1485,Turkmenistan,2015,Both sexes,69.11,61.73,30.6,7.2,5.3
1486,Turkmenistan,2015,Male,65.66,59.42,38.0,10.8,9.01
1487,Turkmenistan,2015,Female,72.57,64.04,23.9,3.6,1.78
1488,Turkmenistan,2010,Both sexes,67.31,60.12,31.0,7.6,4.82
1489,Turkmenistan,2010,Male,63.62,57.56,37.5,11.7,8.23
1490,Turkmenistan,2010,Female,71.09,62.74,24.9,3.7,1.6
1491,Turkmenistan,2000,Both sexes,63.32,56.64,34.0,9.1,4.82
1492,Turkmenistan,2000,Male,59.34,53.76,41.0,14.6,8.24
1493,Turkmenistan,2000,Female,67.43,59.62,27.3,3.7,1.61
1494,Uganda,2015,Both sexes,64.47,56.29,21.9,9.9,15.14
1495,Uganda,2015,Male,60.81,53.94,23.9,10.6,24.7
1496,Uganda,2015,Female,68.13,58.66,20.3,9.3,5.92
1497,Uganda,2010,Both sexes,59.67,52.12,22.7,10.5,13.5
1498,Uganda,2010,Male,57.02,50.62,24.6,10.6,21.79
1499,Uganda,2010,Female,62.21,53.57,21.2,10.4,5.54
1500,Uganda,2000,Both sexes,48.76,42.52,25.9,11.1,13.61
1501,Uganda,2000,Male,46.8,41.36,27.9,11.0,22.06
1502,Uganda,2000,Female,50.75,43.7,24.2,11.3,5.61
1503,Ukraine,2015,Both sexes,72.2,63.79,25.9,23.1,10.16
1504,Ukraine,2015,Male,67.21,60.1,36.6,42.0,17.01
1505,Ukraine,2015,Female,76.96,67.3,16.9,6.8,4.49
1506,Ukraine,2010,Both sexes,70.2,62.2,29.3,27.1,13.57
1507,Ukraine,2010,Male,65.2,58.51,40.4,48.9,22.31
1508,Ukraine,2010,Female,75.1,65.81,20.0,8.4,6.34
1509,Ukraine,2000,Both sexes,67.53,59.71,34.3,36.9,12.46
1510,Ukraine,2000,Male,62.06,55.54,46.1,65.1,20.85
1511,Ukraine,2000,Female,73.24,64.07,23.8,12.3,5.44
1512,United Arab Emirates,2015,Both sexes,75.31,65.45,17.0,2.8,3.79
1513,United Arab Emirates,2015,Male,74.25,65.26,17.5,3.6,4.7
1514,United Arab Emirates,2015,Female,77.84,65.72,15.7,0.7,0.8
1515,United Arab Emirates,2010,Both sexes,74.86,65.1,18.1,3.0,3.15
1516,United Arab Emirates,2010,Male,73.86,64.91,18.4,3.8,3.86
1517,United Arab Emirates,2010,Female,77.39,65.25,17.0,0.7,0.64
1518,United Arab Emirates,2000,Both sexes,73.18,63.85,21.6,3.2,2.58
1519,United Arab Emirates,2000,Male,72.2,63.7,22.0,4.2,3.35
1520,United Arab Emirates,2000,Female,75.06,63.76,20.6,1.1,0.51
1521,United Kingdom of Great Britain and Northern Ireland,2015,Both sexes,80.65,69.67,11.2,8.7,11.21
1522,United Kingdom of Great Britain and Northern Ireland,2015,Male,78.93,69.03,13.3,13.1,17.4
1523,United Kingdom of Great Britain and Northern Ireland,2015,Female,82.34,70.3,9.2,4.5,5.28
1524,United Kingdom of Great Britain and Northern Ireland,2010,Both sexes,80.25,69.44,12.2,7.8,12.06
1525,United Kingdom of Great Britain and Northern Ireland,2010,Male,78.34,68.68,14.6,11.9,18.71
1526,United Kingdom of Great Britain and Northern Ireland,2010,Female,82.09,70.18,9.8,3.9,5.74
1527,United Kingdom of Great Britain and Northern Ireland,2000,Both sexes,77.85,67.57,16.4,9.1,13.73
1528,United Kingdom of Great Britain and Northern Ireland,2000,Male,75.49,66.5,20.0,13.7,21.38
1529,United Kingdom of Great Britain and Northern Ireland,2000,Female,80.09,68.57,12.9,4.8,6.61
1530,United Republic of Tanzania,2015,Both sexes,65.36,56.74,17.9,5.4,11.05
1531,United Republic of Tanzania,2015,Male,63.38,55.86,18.5,7.6,18.44
1532,United Republic of Tanzania,2015,Female,67.26,57.58,17.5,3.2,4.02
1533,United Republic of Tanzania,2010,Both sexes,61.39,53.36,17.9,5.3,9.74
1534,United Republic of Tanzania,2010,Male,60.02,52.93,18.4,7.5,16.31
1535,United Republic of Tanzania,2010,Female,62.63,53.71,17.6,3.1,3.52
1536,United Republic of Tanzania,2000,Both sexes,52.47,45.44,21.2,6.9,8.63
1537,United Republic of Tanzania,2000,Male,51.28,45.01,21.8,10.0,14.4
1538,United Republic of Tanzania,2000,Female,53.61,45.84,20.6,3.8,3.11
1539,United States of America,2015,Both sexes,78.56,66.56,14.3,15.0,9.82
1540,United States of America,2015,Male,76.31,65.58,17.2,23.0,15.22
1541,United States of America,2015,Female,80.8,67.53,11.6,7.1,4.61
1542,United States of America,2010,Both sexes,78.56,66.74,14.5,13.2,9.36
1543,United States of America,2010,Male,76.27,65.7,17.4,20.7,14.54
1544,United States of America,2010,Female,80.8,67.74,11.7,5.9,4.38
1545,United States of America,2000,Both sexes,76.69,65.8,18.0,11.3,9.19
1546,United States of America,2000,Male,74.12,64.58,21.6,17.9,14.33
1547,United States of America,2000,Female,79.17,66.96,14.6,4.9,4.29
1548,Uruguay,2015,Both sexes,77.03,67.54,17.1,19.4,6.99
1549,Uruguay,2015,Male,73.31,65.32,21.8,31.4,10.97
1550,Uruguay,2015,Female,80.56,69.64,12.9,8.2,3.4
1551,Uruguay,2010,Both sexes,76.36,67.15,17.7,16.6,7.1
1552,Uruguay,2010,Male,72.54,64.87,23.4,26.3,11.22
1553,Uruguay,2010,Female,80.05,69.33,12.4,7.5,3.39
1554,Uruguay,2000,Both sexes,74.82,65.94,20.6,17.4,8.09
1555,Uruguay,2000,Male,70.82,63.48,27.8,29.4,12.84
1556,Uruguay,2000,Female,78.8,68.39,14.1,6.1,3.79
1557,Uzbekistan,2015,Both sexes,71.45,63.46,24.8,7.4,2.59
1558,Uzbekistan,2015,Male,68.98,62.16,30.1,10.0,4.45
1559,Uzbekistan,2015,Female,73.92,64.77,20.0,4.8,0.79
1560,Uzbekistan,2010,Both sexes,70.19,62.33,26.5,6.0,3.01
1561,Uzbekistan,2010,Male,67.51,60.81,31.5,8.3,5.17
1562,Uzbekistan,2010,Female,72.91,63.89,21.7,3.6,0.93
1563,Uzbekistan,2000,Both sexes,65.27,58.08,29.3,7.6,5.68
1564,Uzbekistan,2000,Male,62.4,56.28,34.4,11.3,9.78
1565,Uzbekistan,2000,Female,68.23,59.94,24.3,4.0,1.75
1566,Vanuatu,2015,Both sexes,64.64,57.36,23.7,4.5,2.14
1567,Vanuatu,2015,Male,62.02,55.93,27.6,6.8,3.55
1568,Vanuatu,2015,Female,67.68,59.02,19.6,2.3,0.74
1569,Vanuatu,2010,Both sexes,64.52,57.34,24.9,5.1,1.7
1570,Vanuatu,2010,Male,61.9,55.92,28.2,7.5,2.81
1571,Vanuatu,2010,Female,67.5,58.94,21.1,2.6,0.58
1572,Vanuatu,2000,Both sexes,63.9,56.79,27.9,7.3,1.17
1573,Vanuatu,2000,Male,61.35,55.29,30.8,10.2,1.91
1574,Vanuatu,2000,Female,66.94,58.57,24.4,4.3,0.4
1575,Venezuela (Bolivarian Republic of),2015,Both sexes,74.66,65.1,18.2,3.8,6.82
1576,Venezuela (Bolivarian Republic of),2015,Male,70.59,62.51,21.9,6.4,10.85
1577,Venezuela (Bolivarian Republic of),2015,Female,78.97,67.84,14.6,1.2,2.9
1578,Venezuela (Bolivarian Republic of),2010,Both sexes,74.79,65.28,18.4,4.3,8.67
1579,Venezuela (Bolivarian Republic of),2010,Male,70.82,62.77,22.0,7.2,13.72
1580,Venezuela (Bolivarian Republic of),2010,Female,78.99,67.94,14.9,1.5,3.73
1581,Venezuela (Bolivarian Republic of),2000,Both sexes,74.09,64.68,21.6,8.0,9.15
1582,Venezuela (Bolivarian Republic of),2000,Male,70.51,62.5,24.9,13.8,14.45
1583,Venezuela (Bolivarian Republic of),2000,Female,77.88,67.0,18.3,2.2,3.9
1584,Viet Nam,2015,Both sexes,73.16,64.89,17.3,7.2,7.86
1585,Viet Nam,2015,Male,68.88,61.96,23.6,10.8,12.83
1586,Viet Nam,2015,Female,77.61,67.93,11.6,3.7,3.16
1587,Viet Nam,2010,Both sexes,72.72,64.55,18.0,7.0,4.9
1588,Viet Nam,2010,Male,68.42,61.63,24.8,10.5,7.98
1589,Viet Nam,2010,Female,77.15,67.54,12.1,3.6,1.97
1590,Viet Nam,2000,Both sexes,71.45,63.3,18.6,6.7,2.21
1591,Viet Nam,2000,Male,67.33,60.62,25.3,10.0,3.61
1592,Viet Nam,2000,Female,75.61,66.0,12.7,3.6,0.9
1593,Yemen,2015,Both sexes,67.47,58.38,30.7,8.6,0.055
1594,Yemen,2015,Male,65.41,57.93,33.3,11.4,0.094
1595,Yemen,2015,Female,69.58,58.84,28.2,5.7,0.013999999999999999
1596,Yemen,2010,Both sexes,67.7,58.63,31.9,8.8,0.18
1597,Yemen,2010,Male,65.88,58.41,34.5,11.8,0.3
1598,Yemen,2010,Female,69.58,58.87,29.4,5.7,0.047
1599,Yemen,2000,Both sexes,62.69,54.46,33.1,6.8,0.79
1600,Yemen,2000,Male,60.86,54.1,35.7,9.2,1.36
1601,Yemen,2000,Female,64.69,54.9,30.5,4.2,0.21
1602,Zambia,2015,Both sexes,60.5,52.71,18.0,6.1,6.89
1603,Zambia,2015,Male,57.93,51.07,18.6,8.7,11.2
1604,Zambia,2015,Female,63.02,54.32,17.6,3.5,2.75
1605,Zambia,2010,Both sexes,56.67,49.44,19.9,6.3,5.43
1606,Zambia,2010,Male,54.27,47.91,19.8,9.0,8.83
1607,Zambia,2010,Female,59.06,50.96,20.0,3.6,2.17
1608,Zambia,2000,Both sexes,44.46,38.95,23.2,8.1,4.05
1609,Zambia,2000,Male,43.69,38.63,21.8,11.8,6.59
1610,Zambia,2000,Female,45.24,39.3,24.4,4.6,1.62
1611,Zimbabwe,2015,Both sexes,58.48,51.17,19.4,10.6,4.92
1612,Zimbabwe,2015,Male,55.73,49.62,18.6,15.5,8.43
1613,Zimbabwe,2015,Female,60.96,52.59,19.9,6.0,1.72
1614,Zimbabwe,2010,Both sexes,51.49,45.22,21.1,11.9,3.93
1615,Zimbabwe,2010,Male,49.58,44.25,20.5,18.1,6.71
1616,Zimbabwe,2010,Female,53.21,46.12,21.5,6.1,1.39
1617,Zimbabwe,2000,Both sexes,46.57,41.03,21.6,12.9,2.46
1618,Zimbabwe,2000,Male,45.15,40.39,21.6,20.6,4.16
1619,Zimbabwe,2000,Female,48.12,41.77,21.7,5.5,0.88
