Location,Period,Gender,Posioning100000
Afghanistan,2016,Both sexes,1.19
Afghanistan,2016,Male,0.53
Afghanistan,2016,Female,1.89
Afghanistan,2015,Both sexes,1.22
Afghanistan,2015,Male,0.55
Afghanistan,2015,Female,1.92
Afghanistan,2010,Both sexes,1.42
Afghanistan,2010,Male,0.76
Afghanistan,2010,Female,2.11
Afghanistan,2005,Both sexes,1.54
Afghanistan,2005,Male,0.91
Afghanistan,2005,Female,2.2
Afghanistan,2000,Both sexes,1.7
Afghanistan,2000,Male,1.21
Afghanistan,2000,Female,2.23
Albania,2016,Both sexes,0.44
Albania,2016,Male,0.5
Albania,2016,Female,0.38
Albania,2015,Both sexes,0.43
Albania,2015,Male,0.48
Albania,2015,Female,0.37
Albania,2010,Both sexes,0.51
Albania,2010,Male,0.59
Albania,2010,Female,0.44
Albania,2005,Both sexes,0.61
Albania,2005,Male,0.68
Albania,2005,Female,0.54
Albania,2000,Both sexes,1.02
Albania,2000,Male,1.29
Albania,2000,Female,0.74
Algeria,2016,Both sexes,0.77
Algeria,2016,Male,0.94
Algeria,2016,Female,0.61
Algeria,2015,Both sexes,0.8
Algeria,2015,Male,0.97
Algeria,2015,Female,0.63
Algeria,2010,Both sexes,0.87
Algeria,2010,Male,1.05
Algeria,2010,Female,0.68
Algeria,2005,Both sexes,0.99
Algeria,2005,Male,1.15
Algeria,2005,Female,0.83
Algeria,2000,Both sexes,1.25
Algeria,2000,Male,1.43
Algeria,2000,Female,1.06
Angola,2016,Both sexes,2.7
Angola,2016,Male,3.39
Angola,2016,Female,2.04
Angola,2015,Both sexes,2.95
Angola,2015,Male,3.72
Angola,2015,Female,2.21
Angola,2010,Both sexes,3.46
Angola,2010,Male,4.41
Angola,2010,Female,2.55
Angola,2005,Both sexes,4.31
Angola,2005,Male,5.49
Angola,2005,Female,3.18
Angola,2000,Both sexes,4.92
Angola,2000,Male,6.54
Angola,2000,Female,3.38
Antigua and Barbuda,2016,Both sexes,0.39
Antigua and Barbuda,2016,Male,0.34
Antigua and Barbuda,2016,Female,0.43
Antigua and Barbuda,2015,Both sexes,0.38
Antigua and Barbuda,2015,Male,0.33
Antigua and Barbuda,2015,Female,0.42
Antigua and Barbuda,2010,Both sexes,0.46
Antigua and Barbuda,2010,Male,0.38
Antigua and Barbuda,2010,Female,0.54
Antigua and Barbuda,2005,Both sexes,0.48
Antigua and Barbuda,2005,Male,0.4
Antigua and Barbuda,2005,Female,0.56
Antigua and Barbuda,2000,Both sexes,0.51
Antigua and Barbuda,2000,Male,0.49
Antigua and Barbuda,2000,Female,0.52
Argentina,2016,Both sexes,0.64
Argentina,2016,Male,0.77
Argentina,2016,Female,0.51
Argentina,2015,Both sexes,0.65
Argentina,2015,Male,0.78
Argentina,2015,Female,0.52
Argentina,2010,Both sexes,0.71
Argentina,2010,Male,0.85
Argentina,2010,Female,0.58
Argentina,2005,Both sexes,0.81
Argentina,2005,Male,1.01
Argentina,2005,Female,0.62
Argentina,2000,Both sexes,0.85
Argentina,2000,Male,1.06
Argentina,2000,Female,0.65
Armenia,2016,Both sexes,0.63
Armenia,2016,Male,0.91
Armenia,2016,Female,0.39
Armenia,2015,Both sexes,0.67
Armenia,2015,Male,0.95
Armenia,2015,Female,0.42
Armenia,2010,Both sexes,0.7
Armenia,2010,Male,1.01
Armenia,2010,Female,0.43
Armenia,2005,Both sexes,0.76
Armenia,2005,Male,1.11
Armenia,2005,Female,0.45
Armenia,2000,Both sexes,0.92
Armenia,2000,Male,1.4
Armenia,2000,Female,0.5
Australia,2016,Both sexes,0.19
Australia,2016,Male,0.22
Australia,2016,Female,0.15
Australia,2015,Both sexes,0.2
Australia,2015,Male,0.24
Australia,2015,Female,0.16
Australia,2010,Both sexes,0.22
Australia,2010,Male,0.26
Australia,2010,Female,0.18
Australia,2005,Both sexes,0.21
Australia,2005,Male,0.26
Australia,2005,Female,0.17
Australia,2000,Both sexes,0.24
Australia,2000,Male,0.28
Australia,2000,Female,0.19
Austria,2016,Both sexes,0.22
Austria,2016,Male,0.3
Austria,2016,Female,0.15
Austria,2015,Both sexes,0.24
Austria,2015,Male,0.32
Austria,2015,Female,0.16
Austria,2010,Both sexes,0.26
Austria,2010,Male,0.36
Austria,2010,Female,0.17
Austria,2005,Both sexes,0.24
Austria,2005,Male,0.32
Austria,2005,Female,0.17
Austria,2000,Both sexes,0.26
Austria,2000,Male,0.35
Austria,2000,Female,0.18
Azerbaijan,2016,Both sexes,0.55
Azerbaijan,2016,Male,0.77
Azerbaijan,2016,Female,0.34
Azerbaijan,2015,Both sexes,0.58
Azerbaijan,2015,Male,0.83
Azerbaijan,2015,Female,0.34
Azerbaijan,2010,Both sexes,0.79
Azerbaijan,2010,Male,1.19
Azerbaijan,2010,Female,0.39
Azerbaijan,2005,Both sexes,0.79
Azerbaijan,2005,Male,1.1
Azerbaijan,2005,Female,0.49
Azerbaijan,2000,Both sexes,1.05
Azerbaijan,2000,Male,1.47
Azerbaijan,2000,Female,0.64
Bahamas,2016,Both sexes,0.14
Bahamas,2016,Male,0.16
Bahamas,2016,Female,0.12
Bahamas,2015,Both sexes,0.14
Bahamas,2015,Male,0.16
Bahamas,2015,Female,0.13
Bahamas,2010,Both sexes,0.16
Bahamas,2010,Male,0.18
Bahamas,2010,Female,0.15
Bahamas,2005,Both sexes,0.21
Bahamas,2005,Male,0.25
Bahamas,2005,Female,0.17
Bahamas,2000,Both sexes,0.26
Bahamas,2000,Male,0.29
Bahamas,2000,Female,0.22
Bahrain,2016,Both sexes,0.21
Bahrain,2016,Male,0.28
Bahrain,2016,Female,0.096
Bahrain,2015,Both sexes,0.21
Bahrain,2015,Male,0.27
Bahrain,2015,Female,0.097
Bahrain,2010,Both sexes,0.22
Bahrain,2010,Male,0.27
Bahrain,2010,Female,0.13
Bahrain,2005,Both sexes,0.33
Bahrain,2005,Male,0.43
Bahrain,2005,Female,0.17
Bahrain,2000,Both sexes,0.46
Bahrain,2000,Male,0.61
Bahrain,2000,Female,0.26
Bangladesh,2016,Both sexes,0.29
Bangladesh,2016,Male,0.35
Bangladesh,2016,Female,0.22
Bangladesh,2015,Both sexes,0.31
Bangladesh,2015,Male,0.38
Bangladesh,2015,Female,0.24
Bangladesh,2010,Both sexes,0.46
Bangladesh,2010,Male,0.58
Bangladesh,2010,Female,0.35
Bangladesh,2005,Both sexes,0.37
Bangladesh,2005,Male,0.5
Bangladesh,2005,Female,0.24
Bangladesh,2000,Both sexes,0.37
Bangladesh,2000,Male,0.54
Bangladesh,2000,Female,0.19
Barbados,2016,Both sexes,0.2
Barbados,2016,Male,0.23
Barbados,2016,Female,0.18
Barbados,2015,Both sexes,0.21
Barbados,2015,Male,0.24
Barbados,2015,Female,0.18
Barbados,2010,Both sexes,0.22
Barbados,2010,Male,0.25
Barbados,2010,Female,0.19
Barbados,2005,Both sexes,0.27
Barbados,2005,Male,0.34
Barbados,2005,Female,0.21
Barbados,2000,Both sexes,0.28
Barbados,2000,Male,0.35
Barbados,2000,Female,0.22
Belarus,2016,Both sexes,2.61
Belarus,2016,Male,4.33
Belarus,2016,Female,1.12
Belarus,2015,Both sexes,2.67
Belarus,2015,Male,4.42
Belarus,2015,Female,1.14
Belarus,2010,Both sexes,3.45
Belarus,2010,Male,5.52
Belarus,2010,Female,1.66
Belarus,2005,Both sexes,4.81
Belarus,2005,Male,7.69
Belarus,2005,Female,2.3
Belarus,2000,Both sexes,6.27
Belarus,2000,Male,10.36
Belarus,2000,Female,2.65
Belgium,2016,Both sexes,0.23
Belgium,2016,Male,0.26
Belgium,2016,Female,0.21
Belgium,2015,Both sexes,0.24
Belgium,2015,Male,0.26
Belgium,2015,Female,0.21
Belgium,2010,Both sexes,0.26
Belgium,2010,Male,0.29
Belgium,2010,Female,0.23
Belgium,2005,Both sexes,0.28
Belgium,2005,Male,0.31
Belgium,2005,Female,0.25
Belgium,2000,Both sexes,0.39
Belgium,2000,Male,0.46
Belgium,2000,Female,0.32
Belize,2016,Both sexes,0.49
Belize,2016,Male,0.67
Belize,2016,Female,0.32
Belize,2015,Both sexes,0.51
Belize,2015,Male,0.69
Belize,2015,Female,0.34
Belize,2010,Both sexes,0.56
Belize,2010,Male,0.73
Belize,2010,Female,0.39
Belize,2005,Both sexes,0.69
Belize,2005,Male,0.9
Belize,2005,Female,0.49
Belize,2000,Both sexes,0.99
Belize,2000,Male,1.3
Belize,2000,Female,0.67
Benin,2016,Both sexes,3.51
Benin,2016,Male,4.3
Benin,2016,Female,2.72
Benin,2015,Both sexes,3.58
Benin,2015,Male,4.4
Benin,2015,Female,2.76
Benin,2010,Both sexes,3.61
Benin,2010,Male,4.49
Benin,2010,Female,2.74
Benin,2005,Both sexes,3.33
Benin,2005,Male,4.21
Benin,2005,Female,2.47
Benin,2000,Both sexes,3.57
Benin,2000,Male,4.59
Benin,2000,Female,2.58
Bhutan,2016,Both sexes,0.58
Bhutan,2016,Male,0.68
Bhutan,2016,Female,0.46
Bhutan,2015,Both sexes,0.61
Bhutan,2015,Male,0.72
Bhutan,2015,Female,0.49
Bhutan,2010,Both sexes,0.74
Bhutan,2010,Male,0.85
Bhutan,2010,Female,0.61
Bhutan,2005,Both sexes,1.03
Bhutan,2005,Male,1.23
Bhutan,2005,Female,0.81
Bhutan,2000,Both sexes,1.45
Bhutan,2000,Male,1.78
Bhutan,2000,Female,1.11
Bolivia (Plurinational State of),2016,Both sexes,2.03
Bolivia (Plurinational State of),2016,Male,2.65
Bolivia (Plurinational State of),2016,Female,1.41
Bolivia (Plurinational State of),2015,Both sexes,2.11
Bolivia (Plurinational State of),2015,Male,2.75
Bolivia (Plurinational State of),2015,Female,1.47
Bolivia (Plurinational State of),2010,Both sexes,2.8
Bolivia (Plurinational State of),2010,Male,3.52
Bolivia (Plurinational State of),2010,Female,2.07
Bolivia (Plurinational State of),2005,Both sexes,3.93
Bolivia (Plurinational State of),2005,Male,4.81
Bolivia (Plurinational State of),2005,Female,3.05
Bolivia (Plurinational State of),2000,Both sexes,4.74
Bolivia (Plurinational State of),2000,Male,5.51
Bolivia (Plurinational State of),2000,Female,3.97
Bosnia and Herzegovina,2016,Both sexes,0.52
Bosnia and Herzegovina,2016,Male,0.61
Bosnia and Herzegovina,2016,Female,0.44
Bosnia and Herzegovina,2015,Both sexes,0.53
Bosnia and Herzegovina,2015,Male,0.62
Bosnia and Herzegovina,2015,Female,0.44
Bosnia and Herzegovina,2010,Both sexes,0.7
Bosnia and Herzegovina,2010,Male,0.88
Bosnia and Herzegovina,2010,Female,0.52
Bosnia and Herzegovina,2005,Both sexes,0.87
Bosnia and Herzegovina,2005,Male,1.13
Bosnia and Herzegovina,2005,Female,0.61
Bosnia and Herzegovina,2000,Both sexes,1.21
Bosnia and Herzegovina,2000,Male,1.7
Bosnia and Herzegovina,2000,Female,0.74
Botswana,2016,Both sexes,1.12
Botswana,2016,Male,1.15
Botswana,2016,Female,1.08
Botswana,2015,Both sexes,1.18
Botswana,2015,Male,1.22
Botswana,2015,Female,1.14
Botswana,2010,Both sexes,1.41
Botswana,2010,Male,1.5
Botswana,2010,Female,1.33
Botswana,2005,Both sexes,1.64
Botswana,2005,Male,1.97
Botswana,2005,Female,1.33
Botswana,2000,Both sexes,1.59
Botswana,2000,Male,2.05
Botswana,2000,Female,1.14
Brazil,2016,Both sexes,0.19
Brazil,2016,Male,0.23
Brazil,2016,Female,0.15
Brazil,2015,Both sexes,0.2
Brazil,2015,Male,0.25
Brazil,2015,Female,0.16
Brazil,2010,Both sexes,0.21
Brazil,2010,Male,0.25
Brazil,2010,Female,0.17
Brazil,2005,Both sexes,0.24
Brazil,2005,Male,0.29
Brazil,2005,Female,0.19
Brazil,2000,Both sexes,0.31
Brazil,2000,Male,0.38
Brazil,2000,Female,0.25
Brunei Darussalam,2016,Both sexes,0.34
Brunei Darussalam,2016,Male,0.45
Brunei Darussalam,2016,Female,0.23
Brunei Darussalam,2015,Both sexes,0.34
Brunei Darussalam,2015,Male,0.44
Brunei Darussalam,2015,Female,0.23
Brunei Darussalam,2010,Both sexes,0.31
Brunei Darussalam,2010,Male,0.41
Brunei Darussalam,2010,Female,0.2
Brunei Darussalam,2005,Both sexes,0.3
Brunei Darussalam,2005,Male,0.41
Brunei Darussalam,2005,Female,0.19
Brunei Darussalam,2000,Both sexes,0.3
Brunei Darussalam,2000,Male,0.4
Brunei Darussalam,2000,Female,0.21
Bulgaria,2016,Both sexes,0.61
Bulgaria,2016,Male,0.83
Bulgaria,2016,Female,0.41
Bulgaria,2015,Both sexes,0.62
Bulgaria,2015,Male,0.84
Bulgaria,2015,Female,0.42
Bulgaria,2010,Both sexes,0.76
Bulgaria,2010,Male,1.03
Bulgaria,2010,Female,0.5
Bulgaria,2005,Both sexes,1.03
Bulgaria,2005,Male,1.48
Bulgaria,2005,Female,0.61
Bulgaria,2000,Both sexes,1.52
Bulgaria,2000,Male,2.15
Bulgaria,2000,Female,0.91
Burkina Faso,2016,Both sexes,2.96
Burkina Faso,2016,Male,3.35
Burkina Faso,2016,Female,2.57
Burkina Faso,2015,Both sexes,3.03
Burkina Faso,2015,Male,3.45
Burkina Faso,2015,Female,2.62
Burkina Faso,2010,Both sexes,2.66
Burkina Faso,2010,Male,3.09
Burkina Faso,2010,Female,2.23
Burkina Faso,2005,Both sexes,2.81
Burkina Faso,2005,Male,3.39
Burkina Faso,2005,Female,2.25
Burkina Faso,2000,Both sexes,2.8
Burkina Faso,2000,Male,3.51
Burkina Faso,2000,Female,2.11
Burundi,2016,Both sexes,5.19
Burundi,2016,Male,6.77
Burundi,2016,Female,3.67
Burundi,2015,Both sexes,5.3
Burundi,2015,Male,6.92
Burundi,2015,Female,3.74
Burundi,2010,Both sexes,5.19
Burundi,2010,Male,6.86
Burundi,2010,Female,3.58
Burundi,2005,Both sexes,4.84
Burundi,2005,Male,6.27
Burundi,2005,Female,3.45
Burundi,2000,Both sexes,4.35
Burundi,2000,Male,5.71
Burundi,2000,Female,3.03
Cabo Verde,2016,Both sexes,0.51
Cabo Verde,2016,Male,0.56
Cabo Verde,2016,Female,0.46
Cabo Verde,2015,Both sexes,0.51
Cabo Verde,2015,Male,0.56
Cabo Verde,2015,Female,0.46
Cabo Verde,2010,Both sexes,0.62
Cabo Verde,2010,Male,0.68
Cabo Verde,2010,Female,0.56
Cabo Verde,2005,Both sexes,0.67
Cabo Verde,2005,Male,0.76
Cabo Verde,2005,Female,0.58
Cabo Verde,2000,Both sexes,0.8
Cabo Verde,2000,Male,0.93
Cabo Verde,2000,Female,0.68
Cambodia,2016,Both sexes,0.6
Cambodia,2016,Male,0.72
Cambodia,2016,Female,0.5
Cambodia,2015,Both sexes,0.65
Cambodia,2015,Male,0.75
Cambodia,2015,Female,0.55
Cambodia,2010,Both sexes,0.82
Cambodia,2010,Male,0.92
Cambodia,2010,Female,0.72
Cambodia,2005,Both sexes,1.14
Cambodia,2005,Male,1.29
Cambodia,2005,Female,1
Cambodia,2000,Both sexes,1.48
Cambodia,2000,Male,1.72
Cambodia,2000,Female,1.26
Cameroon,2016,Both sexes,3.12
Cameroon,2016,Male,4
Cameroon,2016,Female,2.24
Cameroon,2015,Both sexes,3.25
Cameroon,2015,Male,4.19
Cameroon,2015,Female,2.31
Cameroon,2010,Both sexes,3.39
Cameroon,2010,Male,4.44
Cameroon,2010,Female,2.34
Cameroon,2005,Both sexes,3.27
Cameroon,2005,Male,4.23
Cameroon,2005,Female,2.32
Cameroon,2000,Both sexes,3.86
Cameroon,2000,Male,4.96
Cameroon,2000,Female,2.76
Canada,2016,Both sexes,0.3
Canada,2016,Male,0.32
Canada,2016,Female,0.28
Canada,2015,Both sexes,0.31
Canada,2015,Male,0.33
Canada,2015,Female,0.28
Canada,2010,Both sexes,0.33
Canada,2010,Male,0.4
Canada,2010,Female,0.26
Canada,2005,Both sexes,0.34
Canada,2005,Male,0.43
Canada,2005,Female,0.26
Canada,2000,Both sexes,0.39
Canada,2000,Male,0.53
Canada,2000,Female,0.25
Central African Republic,2016,Both sexes,3.22
Central African Republic,2016,Male,4.15
Central African Republic,2016,Female,2.32
Central African Republic,2015,Both sexes,3.46
Central African Republic,2015,Male,4.51
Central African Republic,2015,Female,2.44
Central African Republic,2010,Both sexes,3.57
Central African Republic,2010,Male,4.79
Central African Republic,2010,Female,2.38
Central African Republic,2005,Both sexes,3.04
Central African Republic,2005,Male,4.05
Central African Republic,2005,Female,2.07
Central African Republic,2000,Both sexes,3.21
Central African Republic,2000,Male,4.24
Central African Republic,2000,Female,2.22
Chad,2016,Both sexes,3.59
Chad,2016,Male,4.77
Chad,2016,Female,2.4
Chad,2015,Both sexes,3.67
Chad,2015,Male,4.88
Chad,2015,Female,2.46
Chad,2010,Both sexes,3.71
Chad,2010,Male,4.99
Chad,2010,Female,2.43
Chad,2005,Both sexes,3.97
Chad,2005,Male,5.52
Chad,2005,Female,2.42
Chad,2000,Both sexes,3.89
Chad,2000,Male,5.61
Chad,2000,Female,2.19
Chile,2016,Both sexes,0.21
Chile,2016,Male,0.31
Chile,2016,Female,0.11
Chile,2015,Both sexes,0.21
Chile,2015,Male,0.31
Chile,2015,Female,0.11
Chile,2010,Both sexes,0.23
Chile,2010,Male,0.34
Chile,2010,Female,0.12
Chile,2005,Both sexes,0.23
Chile,2005,Male,0.33
Chile,2005,Female,0.12
Chile,2000,Both sexes,0.31
Chile,2000,Male,0.47
Chile,2000,Female,0.16
China,2016,Both sexes,1.36
China,2016,Male,1.12
China,2016,Female,1.6
China,2015,Both sexes,1.38
China,2015,Male,1.14
China,2015,Female,1.63
China,2010,Both sexes,1.34
China,2010,Male,1.14
China,2010,Female,1.55
China,2005,Both sexes,1.33
China,2005,Male,1.2
China,2005,Female,1.45
China,2000,Both sexes,1.49
China,2000,Male,1.53
China,2000,Female,1.46
Colombia,2016,Both sexes,0.37
Colombia,2016,Male,0.54
Colombia,2016,Female,0.2
Colombia,2015,Both sexes,0.36
Colombia,2015,Male,0.54
Colombia,2015,Female,0.2
Colombia,2010,Both sexes,0.34
Colombia,2010,Male,0.48
Colombia,2010,Female,0.2
Colombia,2005,Both sexes,0.31
Colombia,2005,Male,0.44
Colombia,2005,Female,0.19
Colombia,2000,Both sexes,0.37
Colombia,2000,Male,0.5
Colombia,2000,Female,0.25
Comoros,2016,Both sexes,2.37
Comoros,2016,Male,2.79
Comoros,2016,Female,1.94
Comoros,2015,Both sexes,2.43
Comoros,2015,Male,2.86
Comoros,2015,Female,2
Comoros,2010,Both sexes,2.54
Comoros,2010,Male,3.01
Comoros,2010,Female,2.06
Comoros,2005,Both sexes,2.81
Comoros,2005,Male,3.34
Comoros,2005,Female,2.27
Comoros,2000,Both sexes,3.24
Comoros,2000,Male,3.91
Comoros,2000,Female,2.56
Congo,2016,Both sexes,1.23
Congo,2016,Male,1.43
Congo,2016,Female,1.02
Congo,2015,Both sexes,1.3
Congo,2015,Male,1.52
Congo,2015,Female,1.08
Congo,2010,Both sexes,1.59
Congo,2010,Male,1.87
Congo,2010,Female,1.31
Congo,2005,Both sexes,1.98
Congo,2005,Male,2.33
Congo,2005,Female,1.63
Congo,2000,Both sexes,2.44
Congo,2000,Male,2.95
Congo,2000,Female,1.92
Costa Rica,2016,Both sexes,0.29
Costa Rica,2016,Male,0.45
Costa Rica,2016,Female,0.13
Costa Rica,2015,Both sexes,0.29
Costa Rica,2015,Male,0.45
Costa Rica,2015,Female,0.13
Costa Rica,2010,Both sexes,0.35
Costa Rica,2010,Male,0.56
Costa Rica,2010,Female,0.14
Costa Rica,2005,Both sexes,0.29
Costa Rica,2005,Male,0.46
Costa Rica,2005,Female,0.12
Costa Rica,2000,Both sexes,0.33
Costa Rica,2000,Male,0.51
Costa Rica,2000,Female,0.15
Côte d’Ivoire,2016,Both sexes,3.95
Côte d’Ivoire,2016,Male,5.06
Côte d’Ivoire,2016,Female,2.8
Côte d’Ivoire,2015,Both sexes,4.01
Côte d’Ivoire,2015,Male,5.11
Côte d’Ivoire,2015,Female,2.88
Côte d’Ivoire,2010,Both sexes,3.86
Côte d’Ivoire,2010,Male,5.01
Côte d’Ivoire,2010,Female,2.66
Côte d’Ivoire,2005,Both sexes,3.41
Côte d’Ivoire,2005,Male,4.63
Côte d’Ivoire,2005,Female,2.11
Côte d’Ivoire,2000,Both sexes,3.22
Côte d’Ivoire,2000,Male,4.32
Côte d’Ivoire,2000,Female,2.04
Croatia,2016,Both sexes,0.17
Croatia,2016,Male,0.2
Croatia,2016,Female,0.15
Croatia,2015,Both sexes,0.19
Croatia,2015,Male,0.21
Croatia,2015,Female,0.16
Croatia,2010,Both sexes,0.19
Croatia,2010,Male,0.21
Croatia,2010,Female,0.16
Croatia,2005,Both sexes,0.24
Croatia,2005,Male,0.31
Croatia,2005,Female,0.17
Croatia,2000,Both sexes,0.28
Croatia,2000,Male,0.36
Croatia,2000,Female,0.21
Cuba,2016,Both sexes,0.31
Cuba,2016,Male,0.15
Cuba,2016,Female,0.48
Cuba,2015,Both sexes,0.32
Cuba,2015,Male,0.15
Cuba,2015,Female,0.49
Cuba,2010,Both sexes,0.32
Cuba,2010,Male,0.16
Cuba,2010,Female,0.47
Cuba,2005,Both sexes,0.32
Cuba,2005,Male,0.22
Cuba,2005,Female,0.43
Cuba,2000,Both sexes,0.35
Cuba,2000,Male,0.35
Cuba,2000,Female,0.36
Cyprus,2016,Both sexes,0.1
Cyprus,2016,Male,0.13
Cyprus,2016,Female,0.073
Cyprus,2015,Both sexes,0.1
Cyprus,2015,Male,0.13
Cyprus,2015,Female,0.074
Cyprus,2010,Both sexes,0.13
Cyprus,2010,Male,0.18
Cyprus,2010,Female,0.087
Cyprus,2005,Both sexes,0.17
Cyprus,2005,Male,0.21
Cyprus,2005,Female,0.13
Cyprus,2000,Both sexes,0.2
Cyprus,2000,Male,0.25
Cyprus,2000,Female,0.14
Czechia,2016,Both sexes,0.3
Czechia,2016,Male,0.42
Czechia,2016,Female,0.18
Czechia,2015,Both sexes,0.3
Czechia,2015,Male,0.42
Czechia,2015,Female,0.19
Czechia,2010,Both sexes,0.35
Czechia,2010,Male,0.51
Czechia,2010,Female,0.19
Czechia,2005,Both sexes,0.39
Czechia,2005,Male,0.58
Czechia,2005,Female,0.22
Czechia,2000,Both sexes,0.45
Czechia,2000,Male,0.66
Czechia,2000,Female,0.25
Democratic People's Republic of Korea,2016,Both sexes,1.9
Democratic People's Republic of Korea,2016,Male,2.05
Democratic People's Republic of Korea,2016,Female,1.76
Democratic People's Republic of Korea,2015,Both sexes,1.94
Democratic People's Republic of Korea,2015,Male,2.1
Democratic People's Republic of Korea,2015,Female,1.79
Democratic People's Republic of Korea,2010,Both sexes,2.3
Democratic People's Republic of Korea,2010,Male,2.48
Democratic People's Republic of Korea,2010,Female,2.13
Democratic People's Republic of Korea,2005,Both sexes,2.45
Democratic People's Republic of Korea,2005,Male,2.67
Democratic People's Republic of Korea,2005,Female,2.24
Democratic People's Republic of Korea,2000,Both sexes,2.14
Democratic People's Republic of Korea,2000,Male,2.61
Democratic People's Republic of Korea,2000,Female,1.68
Democratic Republic of the Congo,2016,Both sexes,3.21
Democratic Republic of the Congo,2016,Male,3.94
Democratic Republic of the Congo,2016,Female,2.48
Democratic Republic of the Congo,2015,Both sexes,3.26
Democratic Republic of the Congo,2015,Male,4.01
Democratic Republic of the Congo,2015,Female,2.52
Democratic Republic of the Congo,2010,Both sexes,3
Democratic Republic of the Congo,2010,Male,3.79
Democratic Republic of the Congo,2010,Female,2.22
Democratic Republic of the Congo,2005,Both sexes,2.89
Democratic Republic of the Congo,2005,Male,3.66
Democratic Republic of the Congo,2005,Female,2.12
Democratic Republic of the Congo,2000,Both sexes,3.28
Democratic Republic of the Congo,2000,Male,4.21
Democratic Republic of the Congo,2000,Female,2.36
Denmark,2016,Both sexes,0.15
Denmark,2016,Male,0.17
Denmark,2016,Female,0.13
Denmark,2015,Both sexes,0.16
Denmark,2015,Male,0.18
Denmark,2015,Female,0.14
Denmark,2010,Both sexes,0.21
Denmark,2010,Male,0.26
Denmark,2010,Female,0.17
Denmark,2005,Both sexes,0.28
Denmark,2005,Male,0.35
Denmark,2005,Female,0.2
Denmark,2000,Both sexes,0.3
Denmark,2000,Male,0.36
Denmark,2000,Female,0.24
Djibouti,2016,Both sexes,2.35
Djibouti,2016,Male,2.89
Djibouti,2016,Female,1.81
Djibouti,2015,Both sexes,2.34
Djibouti,2015,Male,2.87
Djibouti,2015,Female,1.8
Djibouti,2010,Both sexes,2.28
Djibouti,2010,Male,2.78
Djibouti,2010,Female,1.78
Djibouti,2005,Both sexes,2.91
Djibouti,2005,Male,3.52
Djibouti,2005,Female,2.3
Djibouti,2000,Both sexes,3.4
Djibouti,2000,Male,4.2
Djibouti,2000,Female,2.6
Dominican Republic,2016,Both sexes,0.38
Dominican Republic,2016,Male,0.4
Dominican Republic,2016,Female,0.36
Dominican Republic,2015,Both sexes,0.38
Dominican Republic,2015,Male,0.4
Dominican Republic,2015,Female,0.36
Dominican Republic,2010,Both sexes,0.39
Dominican Republic,2010,Male,0.41
Dominican Republic,2010,Female,0.37
Dominican Republic,2005,Both sexes,0.43
Dominican Republic,2005,Male,0.43
Dominican Republic,2005,Female,0.42
Dominican Republic,2000,Both sexes,0.58
Dominican Republic,2000,Male,0.64
Dominican Republic,2000,Female,0.53
Ecuador,2016,Both sexes,0.59
Ecuador,2016,Male,0.81
Ecuador,2016,Female,0.38
Ecuador,2015,Both sexes,0.65
Ecuador,2015,Male,0.89
Ecuador,2015,Female,0.41
Ecuador,2010,Both sexes,0.72
Ecuador,2010,Male,1.02
Ecuador,2010,Female,0.42
Ecuador,2005,Both sexes,0.88
Ecuador,2005,Male,1.25
Ecuador,2005,Female,0.5
Ecuador,2000,Both sexes,1.21
Ecuador,2000,Male,1.67
Ecuador,2000,Female,0.75
Egypt,2016,Both sexes,0.22
Egypt,2016,Male,0.28
Egypt,2016,Female,0.17
Egypt,2015,Both sexes,0.22
Egypt,2015,Male,0.26
Egypt,2015,Female,0.18
Egypt,2010,Both sexes,0.24
Egypt,2010,Male,0.27
Egypt,2010,Female,0.22
Egypt,2005,Both sexes,0.26
Egypt,2005,Male,0.28
Egypt,2005,Female,0.23
Egypt,2000,Both sexes,0.29
Egypt,2000,Male,0.32
Egypt,2000,Female,0.26
El Salvador,2016,Both sexes,0.23
El Salvador,2016,Male,0.35
El Salvador,2016,Female,0.12
El Salvador,2015,Both sexes,0.23
El Salvador,2015,Male,0.36
El Salvador,2015,Female,0.13
El Salvador,2010,Both sexes,0.22
El Salvador,2010,Male,0.31
El Salvador,2010,Female,0.13
El Salvador,2005,Both sexes,0.26
El Salvador,2005,Male,0.36
El Salvador,2005,Female,0.17
El Salvador,2000,Both sexes,0.45
El Salvador,2000,Male,0.64
El Salvador,2000,Female,0.27
Equatorial Guinea,2016,Both sexes,1.92
Equatorial Guinea,2016,Male,2.24
Equatorial Guinea,2016,Female,1.53
Equatorial Guinea,2015,Both sexes,2.01
Equatorial Guinea,2015,Male,2.36
Equatorial Guinea,2015,Female,1.58
Equatorial Guinea,2010,Both sexes,2.36
Equatorial Guinea,2010,Male,2.87
Equatorial Guinea,2010,Female,1.77
Equatorial Guinea,2005,Both sexes,2.3
Equatorial Guinea,2005,Male,2.86
Equatorial Guinea,2005,Female,1.67
Equatorial Guinea,2000,Both sexes,3.35
Equatorial Guinea,2000,Male,4.42
Equatorial Guinea,2000,Female,2.2
Eritrea,2016,Both sexes,4.17
Eritrea,2016,Male,5.62
Eritrea,2016,Female,2.72
Eritrea,2015,Both sexes,4.39
Eritrea,2015,Male,5.9
Eritrea,2015,Female,2.87
Eritrea,2010,Both sexes,5.17
Eritrea,2010,Male,7.01
Eritrea,2010,Female,3.34
Eritrea,2005,Both sexes,4.97
Eritrea,2005,Male,6.66
Eritrea,2005,Female,3.27
Eritrea,2000,Both sexes,5.78
Eritrea,2000,Male,7.58
Eritrea,2000,Female,3.98
Estonia,2016,Both sexes,0.48
Estonia,2016,Male,0.8
Estonia,2016,Female,0.21
Estonia,2015,Both sexes,0.49
Estonia,2015,Male,0.81
Estonia,2015,Female,0.21
Estonia,2010,Both sexes,0.62
Estonia,2010,Male,1.02
Estonia,2010,Female,0.27
Estonia,2005,Both sexes,1.13
Estonia,2005,Male,1.99
Estonia,2005,Female,0.38
Estonia,2000,Both sexes,1.86
Estonia,2000,Male,3.36
Estonia,2000,Female,0.56
Eswatini,2016,Both sexes,3.31
Eswatini,2016,Male,3.24
Eswatini,2016,Female,3.36
Eswatini,2015,Both sexes,3.35
Eswatini,2015,Male,3.28
Eswatini,2015,Female,3.41
Eswatini,2010,Both sexes,3.32
Eswatini,2010,Male,3.35
Eswatini,2010,Female,3.29
Eswatini,2005,Both sexes,3.22
Eswatini,2005,Male,3.42
Eswatini,2005,Female,3.02
Eswatini,2000,Both sexes,2.8
Eswatini,2000,Male,2.81
Eswatini,2000,Female,2.8
Ethiopia,2016,Both sexes,2.87
Ethiopia,2016,Male,3.56
Ethiopia,2016,Female,2.17
Ethiopia,2015,Both sexes,2.97
Ethiopia,2015,Male,3.68
Ethiopia,2015,Female,2.25
Ethiopia,2010,Both sexes,3.41
Ethiopia,2010,Male,4.26
Ethiopia,2010,Female,2.56
Ethiopia,2005,Both sexes,4.17
Ethiopia,2005,Male,5.42
Ethiopia,2005,Female,2.93
Ethiopia,2000,Both sexes,5.07
Ethiopia,2000,Male,6.94
Ethiopia,2000,Female,3.21
Fiji,2016,Both sexes,0.44
Fiji,2016,Male,0.69
Fiji,2016,Female,0.19
Fiji,2015,Both sexes,0.45
Fiji,2015,Male,0.7
Fiji,2015,Female,0.19
Fiji,2010,Both sexes,0.5
Fiji,2010,Male,0.79
Fiji,2010,Female,0.19
Fiji,2005,Both sexes,0.57
Fiji,2005,Male,0.89
Fiji,2005,Female,0.24
Fiji,2000,Both sexes,0.61
Fiji,2000,Male,0.89
Fiji,2000,Female,0.32
Finland,2016,Both sexes,0.23
Finland,2016,Male,0.29
Finland,2016,Female,0.16
Finland,2015,Both sexes,0.23
Finland,2015,Male,0.3
Finland,2015,Female,0.16
Finland,2010,Both sexes,0.28
Finland,2010,Male,0.38
Finland,2010,Female,0.19
Finland,2005,Both sexes,0.35
Finland,2005,Male,0.49
Finland,2005,Female,0.21
Finland,2000,Both sexes,0.45
Finland,2000,Male,0.66
Finland,2000,Female,0.25
France,2016,Both sexes,0.46
France,2016,Male,0.34
France,2016,Female,0.57
France,2015,Both sexes,0.47
France,2015,Male,0.35
France,2015,Female,0.58
France,2010,Both sexes,0.51
France,2010,Male,0.41
France,2010,Female,0.61
France,2005,Both sexes,0.48
France,2005,Male,0.41
France,2005,Female,0.56
France,2000,Both sexes,0.62
France,2000,Male,0.54
France,2000,Female,0.7
Gabon,2016,Both sexes,0.93
Gabon,2016,Male,1.08
Gabon,2016,Female,0.77
Gabon,2015,Both sexes,0.97
Gabon,2015,Male,1.13
Gabon,2015,Female,0.8
Gabon,2010,Both sexes,1.05
Gabon,2010,Male,1.24
Gabon,2010,Female,0.85
Gabon,2005,Both sexes,1.1
Gabon,2005,Male,1.31
Gabon,2005,Female,0.89
Gabon,2000,Both sexes,1.27
Gabon,2000,Male,1.52
Gabon,2000,Female,1.02
Gambia,2016,Both sexes,1.89
Gambia,2016,Male,2.33
Gambia,2016,Female,1.45
Gambia,2015,Both sexes,1.96
Gambia,2015,Male,2.42
Gambia,2015,Female,1.51
Gambia,2010,Both sexes,2.17
Gambia,2010,Male,2.68
Gambia,2010,Female,1.67
Gambia,2005,Both sexes,2.55
Gambia,2005,Male,3.22
Gambia,2005,Female,1.9
Gambia,2000,Both sexes,3.04
Gambia,2000,Male,3.9
Gambia,2000,Female,2.2
Georgia,2016,Both sexes,0.81
Georgia,2016,Male,1.2
Georgia,2016,Female,0.46
Georgia,2015,Both sexes,0.81
Georgia,2015,Male,1.21
Georgia,2015,Female,0.45
Georgia,2010,Both sexes,0.82
Georgia,2010,Male,1.25
Georgia,2010,Female,0.44
Georgia,2005,Both sexes,0.71
Georgia,2005,Male,0.98
Georgia,2005,Female,0.47
Georgia,2000,Both sexes,0.86
Georgia,2000,Male,1.13
Georgia,2000,Female,0.63
Germany,2016,Both sexes,0.15
Germany,2016,Male,0.12
Germany,2016,Female,0.19
Germany,2015,Both sexes,0.14
Germany,2015,Male,0.1
Germany,2015,Female,0.18
Germany,2010,Both sexes,0.15
Germany,2010,Male,0.15
Germany,2010,Female,0.14
Germany,2005,Both sexes,0.15
Germany,2005,Male,0.15
Germany,2005,Female,0.14
Germany,2000,Both sexes,0.17
Germany,2000,Male,0.18
Germany,2000,Female,0.16
Ghana,2016,Both sexes,1.66
Ghana,2016,Male,2
Ghana,2016,Female,1.32
Ghana,2015,Both sexes,1.65
Ghana,2015,Male,1.99
Ghana,2015,Female,1.31
Ghana,2010,Both sexes,1.51
Ghana,2010,Male,1.83
Ghana,2010,Female,1.2
Ghana,2005,Both sexes,1.5
Ghana,2005,Male,1.82
Ghana,2005,Female,1.18
Ghana,2000,Both sexes,1.54
Ghana,2000,Male,1.86
Ghana,2000,Female,1.22
Greece,2016,Both sexes,0.23
Greece,2016,Male,0.32
Greece,2016,Female,0.15
Greece,2015,Both sexes,0.24
Greece,2015,Male,0.33
Greece,2015,Female,0.15
Greece,2010,Both sexes,0.28
Greece,2010,Male,0.39
Greece,2010,Female,0.17
Greece,2005,Both sexes,0.32
Greece,2005,Male,0.43
Greece,2005,Female,0.2
Greece,2000,Both sexes,0.37
Greece,2000,Male,0.51
Greece,2000,Female,0.24
Grenada,2016,Both sexes,0.36
Grenada,2016,Male,0.42
Grenada,2016,Female,0.3
Grenada,2015,Both sexes,0.34
Grenada,2015,Male,0.38
Grenada,2015,Female,0.3
Grenada,2010,Both sexes,0.43
Grenada,2010,Male,0.54
Grenada,2010,Female,0.31
Grenada,2005,Both sexes,0.57
Grenada,2005,Male,0.71
Grenada,2005,Female,0.43
Grenada,2000,Both sexes,0.78
Grenada,2000,Male,0.99
Grenada,2000,Female,0.58
Guatemala,2016,Both sexes,1.07
Guatemala,2016,Male,1.38
Guatemala,2016,Female,0.77
Guatemala,2015,Both sexes,1.17
Guatemala,2015,Male,1.53
Guatemala,2015,Female,0.82
Guatemala,2010,Both sexes,1.48
Guatemala,2010,Male,2.04
Guatemala,2010,Female,0.95
Guatemala,2005,Both sexes,1.67
Guatemala,2005,Male,2.25
Guatemala,2005,Female,1.1
Guatemala,2000,Both sexes,1.74
Guatemala,2000,Male,2.19
Guatemala,2000,Female,1.32
Guinea,2016,Both sexes,2.96
Guinea,2016,Male,3.78
Guinea,2016,Female,2.14
Guinea,2015,Both sexes,3.08
Guinea,2015,Male,3.94
Guinea,2015,Female,2.23
Guinea,2010,Both sexes,3.37
Guinea,2010,Male,4.41
Guinea,2010,Female,2.33
Guinea,2005,Both sexes,3.45
Guinea,2005,Male,4.54
Guinea,2005,Female,2.36
Guinea,2000,Both sexes,3.36
Guinea,2000,Male,4.34
Guinea,2000,Female,2.39
Guinea-Bissau,2016,Both sexes,2.19
Guinea-Bissau,2016,Male,2.91
Guinea-Bissau,2016,Female,1.49
Guinea-Bissau,2015,Both sexes,2.2
Guinea-Bissau,2015,Male,2.93
Guinea-Bissau,2015,Female,1.49
Guinea-Bissau,2010,Both sexes,2.56
Guinea-Bissau,2010,Male,3.49
Guinea-Bissau,2010,Female,1.67
Guinea-Bissau,2005,Both sexes,2.96
Guinea-Bissau,2005,Male,4.06
Guinea-Bissau,2005,Female,1.9
Guinea-Bissau,2000,Both sexes,3.13
Guinea-Bissau,2000,Male,4.17
Guinea-Bissau,2000,Female,2.13
Guyana,2016,Both sexes,0.73
Guyana,2016,Male,0.74
Guyana,2016,Female,0.71
Guyana,2015,Both sexes,0.72
Guyana,2015,Male,0.73
Guyana,2015,Female,0.71
Guyana,2010,Both sexes,0.69
Guyana,2010,Male,0.66
Guyana,2010,Female,0.72
Guyana,2005,Both sexes,0.67
Guyana,2005,Male,0.69
Guyana,2005,Female,0.64
Guyana,2000,Both sexes,0.91
Guyana,2000,Male,0.99
Guyana,2000,Female,0.84
Haiti,2016,Both sexes,2.57
Haiti,2016,Male,2.98
Haiti,2016,Female,2.17
Haiti,2015,Both sexes,2.69
Haiti,2015,Male,3.12
Haiti,2015,Female,2.26
Haiti,2010,Both sexes,2.9
Haiti,2010,Male,3.41
Haiti,2010,Female,2.4
Haiti,2005,Both sexes,2.89
Haiti,2005,Male,3.51
Haiti,2005,Female,2.29
Haiti,2000,Both sexes,3.56
Haiti,2000,Male,4.29
Haiti,2000,Female,2.85
Honduras,2016,Both sexes,0.39
Honduras,2016,Male,0.59
Honduras,2016,Female,0.19
Honduras,2015,Both sexes,0.39
Honduras,2015,Male,0.58
Honduras,2015,Female,0.19
Honduras,2010,Both sexes,0.4
Honduras,2010,Male,0.6
Honduras,2010,Female,0.19
Honduras,2005,Both sexes,0.48
Honduras,2005,Male,0.73
Honduras,2005,Female,0.24
Honduras,2000,Both sexes,0.55
Honduras,2000,Male,0.84
Honduras,2000,Female,0.26
Hungary,2016,Both sexes,0.27
Hungary,2016,Male,0.4
Hungary,2016,Female,0.15
Hungary,2015,Both sexes,0.29
Hungary,2015,Male,0.44
Hungary,2015,Female,0.15
Hungary,2010,Both sexes,0.31
Hungary,2010,Male,0.48
Hungary,2010,Female,0.16
Hungary,2005,Both sexes,0.32
Hungary,2005,Male,0.47
Hungary,2005,Female,0.18
Hungary,2000,Both sexes,0.38
Hungary,2000,Male,0.56
Hungary,2000,Female,0.21
Iceland,2016,Both sexes,0.21
Iceland,2016,Male,0.28
Iceland,2016,Female,0.14
Iceland,2015,Both sexes,0.21
Iceland,2015,Male,0.28
Iceland,2015,Female,0.15
Iceland,2010,Both sexes,0.23
Iceland,2010,Male,0.3
Iceland,2010,Female,0.16
Iceland,2005,Both sexes,0.23
Iceland,2005,Male,0.29
Iceland,2005,Female,0.16
Iceland,2000,Both sexes,0.33
Iceland,2000,Male,0.44
Iceland,2000,Female,0.21
India,2016,Both sexes,2.36
India,2016,Male,2.82
India,2016,Female,1.87
India,2015,Both sexes,2.45
India,2015,Male,2.95
India,2015,Female,1.91
India,2010,Both sexes,3
India,2010,Male,3.62
India,2010,Female,2.33
India,2005,Both sexes,4.08
India,2005,Male,4.97
India,2005,Female,3.13
India,2000,Both sexes,5.18
India,2000,Male,6.42
India,2000,Female,3.83
Indonesia,2016,Both sexes,0.4
Indonesia,2016,Male,0.62
Indonesia,2016,Female,0.18
Indonesia,2015,Both sexes,0.41
Indonesia,2015,Male,0.63
Indonesia,2015,Female,0.18
Indonesia,2010,Both sexes,0.48
Indonesia,2010,Male,0.74
Indonesia,2010,Female,0.22
Indonesia,2005,Both sexes,0.52
Indonesia,2005,Male,0.81
Indonesia,2005,Female,0.24
Indonesia,2000,Both sexes,0.56
Indonesia,2000,Male,0.87
Indonesia,2000,Female,0.26
Iran (Islamic Republic of),2016,Both sexes,1.2
Iran (Islamic Republic of),2016,Male,1.63
Iran (Islamic Republic of),2016,Female,0.76
Iran (Islamic Republic of),2015,Both sexes,1.2
Iran (Islamic Republic of),2015,Male,1.63
Iran (Islamic Republic of),2015,Female,0.77
Iran (Islamic Republic of),2010,Both sexes,2.1
Iran (Islamic Republic of),2010,Male,3.03
Iran (Islamic Republic of),2010,Female,1.16
Iran (Islamic Republic of),2005,Both sexes,3.55
Iran (Islamic Republic of),2005,Male,5.09
Iran (Islamic Republic of),2005,Female,1.94
Iran (Islamic Republic of),2000,Both sexes,4.22
Iran (Islamic Republic of),2000,Male,5.69
Iran (Islamic Republic of),2000,Female,2.71
Iraq,2016,Both sexes,0.5
Iraq,2016,Male,0.58
Iraq,2016,Female,0.41
Iraq,2015,Both sexes,0.52
Iraq,2015,Male,0.62
Iraq,2015,Female,0.43
Iraq,2010,Both sexes,0.54
Iraq,2010,Male,0.64
Iraq,2010,Female,0.44
Iraq,2005,Both sexes,0.48
Iraq,2005,Male,0.55
Iraq,2005,Female,0.4
Iraq,2000,Both sexes,0.76
Iraq,2000,Male,0.99
Iraq,2000,Female,0.53
Ireland,2016,Both sexes,0.21
Ireland,2016,Male,0.29
Ireland,2016,Female,0.12
Ireland,2015,Both sexes,0.21
Ireland,2015,Male,0.3
Ireland,2015,Female,0.13
Ireland,2010,Both sexes,0.24
Ireland,2010,Male,0.34
Ireland,2010,Female,0.14
Ireland,2005,Both sexes,0.34
Ireland,2005,Male,0.49
Ireland,2005,Female,0.2
Ireland,2000,Both sexes,0.46
Ireland,2000,Male,0.67
Ireland,2000,Female,0.25
Israel,2016,Both sexes,0.14
Israel,2016,Male,0.18
Israel,2016,Female,0.11
Israel,2015,Both sexes,0.16
Israel,2015,Male,0.2
Israel,2015,Female,0.12
Israel,2010,Both sexes,0.16
Israel,2010,Male,0.2
Israel,2010,Female,0.11
Israel,2005,Both sexes,0.19
Israel,2005,Male,0.25
Israel,2005,Female,0.14
Israel,2000,Both sexes,0.21
Israel,2000,Male,0.28
Israel,2000,Female,0.15
Italy,2016,Both sexes,0.27
Italy,2016,Male,0.2
Italy,2016,Female,0.33
Italy,2015,Both sexes,0.27
Italy,2015,Male,0.2
Italy,2015,Female,0.33
Italy,2010,Both sexes,0.27
Italy,2010,Male,0.21
Italy,2010,Female,0.32
Italy,2005,Both sexes,0.34
Italy,2005,Male,0.3
Italy,2005,Female,0.38
Italy,2000,Both sexes,0.53
Italy,2000,Male,0.58
Italy,2000,Female,0.48
Jamaica,2016,Both sexes,0.21
Jamaica,2016,Male,0.18
Jamaica,2016,Female,0.25
Jamaica,2015,Both sexes,0.21
Jamaica,2015,Male,0.18
Jamaica,2015,Female,0.24
Jamaica,2010,Both sexes,0.21
Jamaica,2010,Male,0.18
Jamaica,2010,Female,0.23
Jamaica,2005,Both sexes,0.25
Jamaica,2005,Male,0.25
Jamaica,2005,Female,0.24
Jamaica,2000,Both sexes,0.31
Jamaica,2000,Male,0.32
Jamaica,2000,Female,0.3
Japan,2016,Both sexes,0.41
Japan,2016,Male,0.56
Japan,2016,Female,0.27
Japan,2015,Both sexes,0.41
Japan,2015,Male,0.56
Japan,2015,Female,0.27
Japan,2010,Both sexes,0.46
Japan,2010,Male,0.66
Japan,2010,Female,0.28
Japan,2005,Both sexes,0.49
Japan,2005,Male,0.69
Japan,2005,Female,0.29
Japan,2000,Both sexes,0.41
Japan,2000,Male,0.58
Japan,2000,Female,0.25
Jordan,2016,Both sexes,0.63
Jordan,2016,Male,0.49
Jordan,2016,Female,0.77
Jordan,2015,Both sexes,0.63
Jordan,2015,Male,0.5
Jordan,2015,Female,0.77
Jordan,2010,Both sexes,0.76
Jordan,2010,Male,0.6
Jordan,2010,Female,0.92
Jordan,2005,Both sexes,1.03
Jordan,2005,Male,0.87
Jordan,2005,Female,1.2
Jordan,2000,Both sexes,1.37
Jordan,2000,Male,1.15
Jordan,2000,Female,1.59
Kazakhstan,2016,Both sexes,2.3
Kazakhstan,2016,Male,3.32
Kazakhstan,2016,Female,1.35
Kazakhstan,2015,Both sexes,2.56
Kazakhstan,2015,Male,3.72
Kazakhstan,2015,Female,1.47
Kazakhstan,2010,Both sexes,3.1
Kazakhstan,2010,Male,4.6
Kazakhstan,2010,Female,1.71
Kazakhstan,2005,Both sexes,5.75
Kazakhstan,2005,Male,8.9
Kazakhstan,2005,Female,2.82
Kazakhstan,2000,Both sexes,16.1
Kazakhstan,2000,Male,25.99
Kazakhstan,2000,Female,6.94
Kenya,2016,Both sexes,1.77
Kenya,2016,Male,2.49
Kenya,2016,Female,1.06
Kenya,2015,Both sexes,1.82
Kenya,2015,Male,2.55
Kenya,2015,Female,1.1
Kenya,2010,Both sexes,2.21
Kenya,2010,Male,3.05
Kenya,2010,Female,1.38
Kenya,2005,Both sexes,2.88
Kenya,2005,Male,3.94
Kenya,2005,Female,1.82
Kenya,2000,Both sexes,3.84
Kenya,2000,Male,5.34
Kenya,2000,Female,2.36
Kiribati,2016,Both sexes,2.57
Kiribati,2016,Male,3.13
Kiribati,2016,Female,2.03
Kiribati,2015,Both sexes,2.59
Kiribati,2015,Male,3.14
Kiribati,2015,Female,2.05
Kiribati,2010,Both sexes,2.43
Kiribati,2010,Male,3
Kiribati,2010,Female,1.88
Kiribati,2005,Both sexes,2.08
Kiribati,2005,Male,2.8
Kiribati,2005,Female,1.39
Kiribati,2000,Both sexes,2.06
Kiribati,2000,Male,2.87
Kiribati,2000,Female,1.26
Kuwait,2016,Both sexes,0.18
Kuwait,2016,Male,0.21
Kuwait,2016,Female,0.15
Kuwait,2015,Both sexes,0.19
Kuwait,2015,Male,0.21
Kuwait,2015,Female,0.16
Kuwait,2010,Both sexes,0.22
Kuwait,2010,Male,0.23
Kuwait,2010,Female,0.22
Kuwait,2005,Both sexes,0.21
Kuwait,2005,Male,0.2
Kuwait,2005,Female,0.23
Kuwait,2000,Both sexes,0.19
Kuwait,2000,Male,0.22
Kuwait,2000,Female,0.16
Kyrgyzstan,2016,Both sexes,0.63
Kyrgyzstan,2016,Male,0.84
Kyrgyzstan,2016,Female,0.43
Kyrgyzstan,2015,Both sexes,0.69
Kyrgyzstan,2015,Male,0.91
Kyrgyzstan,2015,Female,0.47
Kyrgyzstan,2010,Both sexes,0.81
Kyrgyzstan,2010,Male,1.07
Kyrgyzstan,2010,Female,0.55
Kyrgyzstan,2005,Both sexes,1.07
Kyrgyzstan,2005,Male,1.43
Kyrgyzstan,2005,Female,0.72
Kyrgyzstan,2000,Both sexes,1.5
Kyrgyzstan,2000,Male,2.07
Kyrgyzstan,2000,Female,0.95
Lao People's Democratic Republic,2016,Both sexes,0.88
Lao People's Democratic Republic,2016,Male,1
Lao People's Democratic Republic,2016,Female,0.77
Lao People's Democratic Republic,2015,Both sexes,0.92
Lao People's Democratic Republic,2015,Male,1.04
Lao People's Democratic Republic,2015,Female,0.8
Lao People's Democratic Republic,2010,Both sexes,1.13
Lao People's Democratic Republic,2010,Male,1.31
Lao People's Democratic Republic,2010,Female,0.95
Lao People's Democratic Republic,2005,Both sexes,1.45
Lao People's Democratic Republic,2005,Male,1.59
Lao People's Democratic Republic,2005,Female,1.32
Lao People's Democratic Republic,2000,Both sexes,1.75
Lao People's Democratic Republic,2000,Male,2
Lao People's Democratic Republic,2000,Female,1.5
Latvia,2016,Both sexes,0.85
Latvia,2016,Male,1.52
Latvia,2016,Female,0.27
Latvia,2015,Both sexes,0.85
Latvia,2015,Male,1.53
Latvia,2015,Female,0.28
Latvia,2010,Both sexes,1.19
Latvia,2010,Male,2.14
Latvia,2010,Female,0.39
Latvia,2005,Both sexes,2.71
Latvia,2005,Male,4.86
Latvia,2005,Female,0.89
Latvia,2000,Both sexes,2.93
Latvia,2000,Male,5.17
Latvia,2000,Female,1.03
Lebanon,2016,Both sexes,0.3
Lebanon,2016,Male,0.33
Lebanon,2016,Female,0.26
Lebanon,2015,Both sexes,0.3
Lebanon,2015,Male,0.34
Lebanon,2015,Female,0.27
Lebanon,2010,Both sexes,0.33
Lebanon,2010,Male,0.37
Lebanon,2010,Female,0.28
Lebanon,2005,Both sexes,0.4
Lebanon,2005,Male,0.47
Lebanon,2005,Female,0.32
Lebanon,2000,Both sexes,0.6
Lebanon,2000,Male,0.72
Lebanon,2000,Female,0.48
Lesotho,2016,Both sexes,3.12
Lesotho,2016,Male,2.96
Lesotho,2016,Female,3.26
Lesotho,2015,Both sexes,3.16
Lesotho,2015,Male,3
Lesotho,2015,Female,3.3
Lesotho,2010,Both sexes,3.17
Lesotho,2010,Male,3.02
Lesotho,2010,Female,3.31
Lesotho,2005,Both sexes,2.97
Lesotho,2005,Male,2.9
Lesotho,2005,Female,3.03
Lesotho,2000,Both sexes,2.73
Lesotho,2000,Male,2.62
Lesotho,2000,Female,2.83
Liberia,2016,Both sexes,1.81
Liberia,2016,Male,2.49
Liberia,2016,Female,1.12
Liberia,2015,Both sexes,1.81
Liberia,2015,Male,2.46
Liberia,2015,Female,1.15
Liberia,2010,Both sexes,2.21
Liberia,2010,Male,3.14
Liberia,2010,Female,1.26
Liberia,2005,Both sexes,2.3
Liberia,2005,Male,3.22
Liberia,2005,Female,1.37
Liberia,2000,Both sexes,2.38
Liberia,2000,Male,3.16
Liberia,2000,Female,1.61
Libya,2016,Both sexes,0.62
Libya,2016,Male,0.81
Libya,2016,Female,0.42
Libya,2015,Both sexes,0.51
Libya,2015,Male,0.64
Libya,2015,Female,0.37
Libya,2010,Both sexes,0.72
Libya,2010,Male,0.93
Libya,2010,Female,0.5
Libya,2005,Both sexes,0.98
Libya,2005,Male,1.24
Libya,2005,Female,0.7
Libya,2000,Both sexes,1.16
Libya,2000,Male,1.46
Libya,2000,Female,0.84
Lithuania,2016,Both sexes,0.71
Lithuania,2016,Male,1.18
Lithuania,2016,Female,0.31
Lithuania,2015,Both sexes,0.77
Lithuania,2015,Male,1.27
Lithuania,2015,Female,0.34
Lithuania,2010,Both sexes,0.97
Lithuania,2010,Male,1.67
Lithuania,2010,Female,0.38
Lithuania,2005,Both sexes,1.27
Lithuania,2005,Male,2.19
Lithuania,2005,Female,0.48
Lithuania,2000,Both sexes,2.11
Lithuania,2000,Male,3.59
Lithuania,2000,Female,0.8
Luxembourg,2016,Both sexes,0.1
Luxembourg,2016,Male,0.092
Luxembourg,2016,Female,0.11
Luxembourg,2015,Both sexes,0.1
Luxembourg,2015,Male,0.098
Luxembourg,2015,Female,0.11
Luxembourg,2010,Both sexes,0.14
Luxembourg,2010,Male,0.13
Luxembourg,2010,Female,0.15
Luxembourg,2005,Both sexes,0.18
Luxembourg,2005,Male,0.17
Luxembourg,2005,Female,0.18
Luxembourg,2000,Both sexes,0.24
Luxembourg,2000,Male,0.25
Luxembourg,2000,Female,0.23
Madagascar,2016,Both sexes,3.32
Madagascar,2016,Male,4.03
Madagascar,2016,Female,2.6
Madagascar,2015,Both sexes,3.33
Madagascar,2015,Male,4.1
Madagascar,2015,Female,2.57
Madagascar,2010,Both sexes,4.4
Madagascar,2010,Male,5.36
Madagascar,2010,Female,3.44
Madagascar,2005,Both sexes,4.72
Madagascar,2005,Male,5.81
Madagascar,2005,Female,3.65
Madagascar,2000,Both sexes,5.44
Madagascar,2000,Male,6.66
Madagascar,2000,Female,4.23
Malawi,2016,Both sexes,1.99
Malawi,2016,Male,2.49
Malawi,2016,Female,1.51
Malawi,2015,Both sexes,2.08
Malawi,2015,Male,2.58
Malawi,2015,Female,1.58
Malawi,2010,Both sexes,2.22
Malawi,2010,Male,2.81
Malawi,2010,Female,1.64
Malawi,2005,Both sexes,3.17
Malawi,2005,Male,4.07
Malawi,2005,Female,2.3
Malawi,2000,Both sexes,3.87
Malawi,2000,Male,5.11
Malawi,2000,Female,2.67
Malaysia,2016,Both sexes,0.48
Malaysia,2016,Male,0.62
Malaysia,2016,Female,0.34
Malaysia,2015,Both sexes,0.49
Malaysia,2015,Male,0.62
Malaysia,2015,Female,0.35
Malaysia,2010,Both sexes,0.52
Malaysia,2010,Male,0.65
Malaysia,2010,Female,0.38
Malaysia,2005,Both sexes,0.59
Malaysia,2005,Male,0.74
Malaysia,2005,Female,0.44
Malaysia,2000,Both sexes,0.72
Malaysia,2000,Male,0.87
Malaysia,2000,Female,0.56
Maldives,2016,Both sexes,0.041
Maldives,2016,Male,0.039
Maldives,2016,Female,0.044
Maldives,2015,Both sexes,0.046
Maldives,2015,Male,0.045
Maldives,2015,Female,0.047
Maldives,2010,Both sexes,0.065
Maldives,2010,Male,0.065
Maldives,2010,Female,0.065
Maldives,2005,Both sexes,0.085
Maldives,2005,Male,0.088
Maldives,2005,Female,0.08
Maldives,2000,Both sexes,0.15
Maldives,2000,Male,0.15
Maldives,2000,Female,0.14
Mali,2016,Both sexes,3.25
Mali,2016,Male,4.16
Mali,2016,Female,2.35
Mali,2015,Both sexes,3.34
Mali,2015,Male,4.27
Mali,2015,Female,2.41
Mali,2010,Both sexes,3.9
Mali,2010,Male,4.99
Mali,2010,Female,2.81
Mali,2005,Both sexes,3.64
Mali,2005,Male,4.73
Mali,2005,Female,2.55
Mali,2000,Both sexes,4.1
Mali,2000,Male,5.45
Mali,2000,Female,2.77
Malta,2016,Both sexes,0.12
Malta,2016,Male,0.16
Malta,2016,Female,0.08
Malta,2015,Both sexes,0.12
Malta,2015,Male,0.16
Malta,2015,Female,0.08
Malta,2010,Both sexes,0.14
Malta,2010,Male,0.19
Malta,2010,Female,0.09
Malta,2005,Both sexes,0.15
Malta,2005,Male,0.21
Malta,2005,Female,0.096
Malta,2000,Both sexes,0.18
Malta,2000,Male,0.26
Malta,2000,Female,0.11
Mauritania,2016,Both sexes,1.87
Mauritania,2016,Male,2.49
Mauritania,2016,Female,1.24
Mauritania,2015,Both sexes,1.93
Mauritania,2015,Male,2.56
Mauritania,2015,Female,1.28
Mauritania,2010,Both sexes,1.92
Mauritania,2010,Male,2.54
Mauritania,2010,Female,1.3
Mauritania,2005,Both sexes,2.02
Mauritania,2005,Male,2.7
Mauritania,2005,Female,1.34
Mauritania,2000,Both sexes,1.98
Mauritania,2000,Male,2.65
Mauritania,2000,Female,1.31
Mauritius,2016,Both sexes,0.11
Mauritius,2016,Male,0.11
Mauritius,2016,Female,0.1
Mauritius,2015,Both sexes,0.11
Mauritius,2015,Male,0.11
Mauritius,2015,Female,0.11
Mauritius,2010,Both sexes,0.1
Mauritius,2010,Male,0.1
Mauritius,2010,Female,0.11
Mauritius,2005,Both sexes,0.13
Mauritius,2005,Male,0.14
Mauritius,2005,Female,0.12
Mauritius,2000,Both sexes,0.2
Mauritius,2000,Male,0.19
Mauritius,2000,Female,0.21
Mexico,2016,Both sexes,0.43
Mexico,2016,Male,0.57
Mexico,2016,Female,0.3
Mexico,2015,Both sexes,0.45
Mexico,2015,Male,0.58
Mexico,2015,Female,0.31
Mexico,2010,Both sexes,0.48
Mexico,2010,Male,0.63
Mexico,2010,Female,0.34
Mexico,2005,Both sexes,0.56
Mexico,2005,Male,0.75
Mexico,2005,Female,0.38
Mexico,2000,Both sexes,0.71
Mexico,2000,Male,0.95
Mexico,2000,Female,0.48
Micronesia (Federated States of),2016,Both sexes,0.98
Micronesia (Federated States of),2016,Male,1.35
Micronesia (Federated States of),2016,Female,0.59
Micronesia (Federated States of),2015,Both sexes,1.01
Micronesia (Federated States of),2015,Male,1.41
Micronesia (Federated States of),2015,Female,0.58
Micronesia (Federated States of),2010,Both sexes,1.15
Micronesia (Federated States of),2010,Male,1.57
Micronesia (Federated States of),2010,Female,0.72
Micronesia (Federated States of),2005,Both sexes,1.36
Micronesia (Federated States of),2005,Male,1.83
Micronesia (Federated States of),2005,Female,0.87
Micronesia (Federated States of),2000,Both sexes,1.29
Micronesia (Federated States of),2000,Male,1.7
Micronesia (Federated States of),2000,Female,0.86
Mongolia,2016,Both sexes,1.57
Mongolia,2016,Male,2.17
Mongolia,2016,Female,0.97
Mongolia,2015,Both sexes,1.61
Mongolia,2015,Male,2.23
Mongolia,2015,Female,1
Mongolia,2010,Both sexes,2.05
Mongolia,2010,Male,2.83
Mongolia,2010,Female,1.27
Mongolia,2005,Both sexes,3.11
Mongolia,2005,Male,4.32
Mongolia,2005,Female,1.91
Mongolia,2000,Both sexes,7.76
Mongolia,2000,Male,11.35
Mongolia,2000,Female,4.18
Montenegro,2016,Both sexes,0.53
Montenegro,2016,Male,0.65
Montenegro,2016,Female,0.41
Montenegro,2015,Both sexes,0.52
Montenegro,2015,Male,0.66
Montenegro,2015,Female,0.39
Montenegro,2010,Both sexes,0.56
Montenegro,2010,Male,0.7
Montenegro,2010,Female,0.43
Montenegro,2005,Both sexes,0.76
Montenegro,2005,Male,0.97
Montenegro,2005,Female,0.56
Montenegro,2000,Both sexes,0.97
Montenegro,2000,Male,1.2
Montenegro,2000,Female,0.75
Morocco,2016,Both sexes,0.56
Morocco,2016,Male,0.66
Morocco,2016,Female,0.47
Morocco,2015,Both sexes,0.58
Morocco,2015,Male,0.68
Morocco,2015,Female,0.48
Morocco,2010,Both sexes,0.69
Morocco,2010,Male,0.82
Morocco,2010,Female,0.57
Morocco,2005,Both sexes,1.05
Morocco,2005,Male,1.29
Morocco,2005,Female,0.82
Morocco,2000,Both sexes,1.65
Morocco,2000,Male,2.06
Morocco,2000,Female,1.25
Mozambique,2016,Both sexes,2.94
Mozambique,2016,Male,3.49
Mozambique,2016,Female,2.42
Mozambique,2015,Both sexes,3.03
Mozambique,2015,Male,3.6
Mozambique,2015,Female,2.49
Mozambique,2010,Both sexes,3.17
Mozambique,2010,Male,3.8
Mozambique,2010,Female,2.57
Mozambique,2005,Both sexes,3.49
Mozambique,2005,Male,4.29
Mozambique,2005,Female,2.74
Mozambique,2000,Both sexes,4.36
Mozambique,2000,Male,5.48
Mozambique,2000,Female,3.33
Myanmar,2016,Both sexes,1.41
Myanmar,2016,Male,0.92
Myanmar,2016,Female,1.88
Myanmar,2015,Both sexes,1.42
Myanmar,2015,Male,0.94
Myanmar,2015,Female,1.88
Myanmar,2010,Both sexes,1.6
Myanmar,2010,Male,1.08
Myanmar,2010,Female,2.09
Myanmar,2005,Both sexes,1.97
Myanmar,2005,Male,1.39
Myanmar,2005,Female,2.52
Myanmar,2000,Both sexes,2.28
Myanmar,2000,Male,1.67
Myanmar,2000,Female,2.86
Namibia,2016,Both sexes,1.55
Namibia,2016,Male,1.56
Namibia,2016,Female,1.54
Namibia,2015,Both sexes,1.64
Namibia,2015,Male,1.64
Namibia,2015,Female,1.65
Namibia,2010,Both sexes,2.01
Namibia,2010,Male,2.02
Namibia,2010,Female,2
Namibia,2005,Both sexes,2.09
Namibia,2005,Male,2.2
Namibia,2005,Female,1.98
Namibia,2000,Both sexes,2.45
Namibia,2000,Male,2.63
Namibia,2000,Female,2.28
Nepal,2016,Both sexes,0.45
Nepal,2016,Male,0.56
Nepal,2016,Female,0.34
Nepal,2015,Both sexes,0.48
Nepal,2015,Male,0.59
Nepal,2015,Female,0.37
Nepal,2010,Both sexes,0.66
Nepal,2010,Male,0.78
Nepal,2010,Female,0.55
Nepal,2005,Both sexes,0.94
Nepal,2005,Male,1.09
Nepal,2005,Female,0.79
Nepal,2000,Both sexes,1.46
Nepal,2000,Male,1.69
Nepal,2000,Female,1.24
Netherlands,2016,Both sexes,0.1
Netherlands,2016,Male,0.088
Netherlands,2016,Female,0.11
Netherlands,2015,Both sexes,0.1
Netherlands,2015,Male,0.091
Netherlands,2015,Female,0.11
Netherlands,2010,Both sexes,0.1
Netherlands,2010,Male,0.099
Netherlands,2010,Female,0.11
Netherlands,2005,Both sexes,0.12
Netherlands,2005,Male,0.11
Netherlands,2005,Female,0.12
Netherlands,2000,Both sexes,0.14
Netherlands,2000,Male,0.14
Netherlands,2000,Female,0.13
New Zealand,2016,Both sexes,0.19
New Zealand,2016,Male,0.26
New Zealand,2016,Female,0.11
New Zealand,2015,Both sexes,0.19
New Zealand,2015,Male,0.27
New Zealand,2015,Female,0.11
New Zealand,2010,Both sexes,0.23
New Zealand,2010,Male,0.34
New Zealand,2010,Female,0.13
New Zealand,2005,Both sexes,0.23
New Zealand,2005,Male,0.34
New Zealand,2005,Female,0.13
New Zealand,2000,Both sexes,0.23
New Zealand,2000,Male,0.34
New Zealand,2000,Female,0.13
Nicaragua,2016,Both sexes,0.57
Nicaragua,2016,Male,0.8
Nicaragua,2016,Female,0.35
Nicaragua,2015,Both sexes,0.57
Nicaragua,2015,Male,0.8
Nicaragua,2015,Female,0.35
Nicaragua,2010,Both sexes,0.64
Nicaragua,2010,Male,0.91
Nicaragua,2010,Female,0.37
Nicaragua,2005,Both sexes,0.76
Nicaragua,2005,Male,1.05
Nicaragua,2005,Female,0.48
Nicaragua,2000,Both sexes,1.19
Nicaragua,2000,Male,1.64
Nicaragua,2000,Female,0.74
Niger,2016,Both sexes,4.15
Niger,2016,Male,5.28
Niger,2016,Female,3.02
Niger,2015,Both sexes,4.21
Niger,2015,Male,5.36
Niger,2015,Female,3.06
Niger,2010,Both sexes,4.75
Niger,2010,Male,6.09
Niger,2010,Female,3.41
Niger,2005,Both sexes,4.91
Niger,2005,Male,6.47
Niger,2005,Female,3.37
Niger,2000,Both sexes,4.88
Niger,2000,Male,6.75
Niger,2000,Female,3.03
Nigeria,2016,Both sexes,2.96
Nigeria,2016,Male,3.74
Nigeria,2016,Female,2.16
Nigeria,2015,Both sexes,2.98
Nigeria,2015,Male,3.76
Nigeria,2015,Female,2.18
Nigeria,2010,Both sexes,3.64
Nigeria,2010,Male,4.66
Nigeria,2010,Female,2.6
Nigeria,2005,Both sexes,3.63
Nigeria,2005,Male,4.8
Nigeria,2005,Female,2.44
Nigeria,2000,Both sexes,3.68
Nigeria,2000,Male,5.02
Nigeria,2000,Female,2.32
Norway,2016,Both sexes,0.18
Norway,2016,Male,0.23
Norway,2016,Female,0.14
Norway,2015,Both sexes,0.18
Norway,2015,Male,0.23
Norway,2015,Female,0.14
Norway,2010,Both sexes,0.22
Norway,2010,Male,0.28
Norway,2010,Female,0.17
Norway,2005,Both sexes,0.23
Norway,2005,Male,0.3
Norway,2005,Female,0.17
Norway,2000,Both sexes,0.23
Norway,2000,Male,0.28
Norway,2000,Female,0.18
Oman,2016,Both sexes,0.42
Oman,2016,Male,0.61
Oman,2016,Female,0.054
Oman,2015,Both sexes,0.47
Oman,2015,Male,0.69
Oman,2015,Female,0.058
Oman,2010,Both sexes,0.55
Oman,2010,Male,0.87
Oman,2010,Female,0.07
Oman,2005,Both sexes,0.56
Oman,2005,Male,0.94
Oman,2005,Female,0.066
Oman,2000,Both sexes,0.85
Oman,2000,Male,1.44
Oman,2000,Female,0.11
Pakistan,2016,Both sexes,2.27
Pakistan,2016,Male,0.75
Pakistan,2016,Female,3.88
Pakistan,2015,Both sexes,2.35
Pakistan,2015,Male,0.77
Pakistan,2015,Female,4.01
Pakistan,2010,Both sexes,2.54
Pakistan,2010,Male,0.84
Pakistan,2010,Female,4.34
Pakistan,2005,Both sexes,2.23
Pakistan,2005,Male,0.9
Pakistan,2005,Female,3.66
Pakistan,2000,Both sexes,2.79
Pakistan,2000,Male,0.99
Pakistan,2000,Female,4.72
Panama,2016,Both sexes,0.39
Panama,2016,Male,0.54
Panama,2016,Female,0.24
Panama,2015,Both sexes,0.39
Panama,2015,Male,0.53
Panama,2015,Female,0.24
Panama,2010,Both sexes,0.57
Panama,2010,Male,0.82
Panama,2010,Female,0.33
Panama,2005,Both sexes,0.68
Panama,2005,Male,0.92
Panama,2005,Female,0.44
Panama,2000,Both sexes,0.57
Panama,2000,Male,0.77
Panama,2000,Female,0.38
Papua New Guinea,2016,Both sexes,1.66
Papua New Guinea,2016,Male,2.62
Papua New Guinea,2016,Female,0.67
Papua New Guinea,2015,Both sexes,1.78
Papua New Guinea,2015,Male,2.78
Papua New Guinea,2015,Female,0.74
Papua New Guinea,2010,Both sexes,1.92
Papua New Guinea,2010,Male,2.99
Papua New Guinea,2010,Female,0.8
Papua New Guinea,2005,Both sexes,2.16
Papua New Guinea,2005,Male,3.28
Papua New Guinea,2005,Female,1
Papua New Guinea,2000,Both sexes,2.19
Papua New Guinea,2000,Male,3.29
Papua New Guinea,2000,Female,1.05
Paraguay,2016,Both sexes,0.34
Paraguay,2016,Male,0.37
Paraguay,2016,Female,0.31
Paraguay,2015,Both sexes,0.36
Paraguay,2015,Male,0.39
Paraguay,2015,Female,0.32
Paraguay,2010,Both sexes,0.4
Paraguay,2010,Male,0.43
Paraguay,2010,Female,0.37
Paraguay,2005,Both sexes,0.55
Paraguay,2005,Male,0.59
Paraguay,2005,Female,0.51
Paraguay,2000,Both sexes,0.86
Paraguay,2000,Male,0.88
Paraguay,2000,Female,0.83
Peru,2016,Both sexes,0.89
Peru,2016,Male,1.21
Peru,2016,Female,0.57
Peru,2015,Both sexes,0.92
Peru,2015,Male,1.25
Peru,2015,Female,0.59
Peru,2010,Both sexes,1.01
Peru,2010,Male,1.36
Peru,2010,Female,0.65
Peru,2005,Both sexes,1.09
Peru,2005,Male,1.44
Peru,2005,Female,0.74
Peru,2000,Both sexes,1.34
Peru,2000,Male,1.79
Peru,2000,Female,0.89
Philippines,2016,Both sexes,0.25
Philippines,2016,Male,0.3
Philippines,2016,Female,0.2
Philippines,2015,Both sexes,0.25
Philippines,2015,Male,0.3
Philippines,2015,Female,0.2
Philippines,2010,Both sexes,0.29
Philippines,2010,Male,0.35
Philippines,2010,Female,0.22
Philippines,2005,Both sexes,0.35
Philippines,2005,Male,0.44
Philippines,2005,Female,0.26
Philippines,2000,Both sexes,0.38
Philippines,2000,Male,0.44
Philippines,2000,Female,0.32
Poland,2016,Both sexes,0.25
Poland,2016,Male,0.35
Poland,2016,Female,0.16
Poland,2015,Both sexes,0.26
Poland,2015,Male,0.36
Poland,2015,Female,0.16
Poland,2010,Both sexes,0.3
Poland,2010,Male,0.43
Poland,2010,Female,0.17
Poland,2005,Both sexes,0.38
Poland,2005,Male,0.57
Poland,2005,Female,0.2
Poland,2000,Both sexes,0.45
Poland,2000,Male,0.69
Poland,2000,Female,0.23
Portugal,2016,Both sexes,0.26
Portugal,2016,Male,0.34
Portugal,2016,Female,0.18
Portugal,2015,Both sexes,0.26
Portugal,2015,Male,0.34
Portugal,2015,Female,0.18
Portugal,2010,Both sexes,0.28
Portugal,2010,Male,0.37
Portugal,2010,Female,0.2
Portugal,2005,Both sexes,0.32
Portugal,2005,Male,0.46
Portugal,2005,Female,0.2
Portugal,2000,Both sexes,0.44
Portugal,2000,Male,0.68
Portugal,2000,Female,0.22
Qatar,2016,Both sexes,0.43
Qatar,2016,Male,0.55
Qatar,2016,Female,0.067
Qatar,2015,Both sexes,0.43
Qatar,2015,Male,0.55
Qatar,2015,Female,0.066
Qatar,2010,Both sexes,0.39
Qatar,2010,Male,0.5
Qatar,2010,Female,0.059
Qatar,2005,Both sexes,0.19
Qatar,2005,Male,0.26
Qatar,2005,Female,0.048
Qatar,2000,Both sexes,0.19
Qatar,2000,Male,0.26
Qatar,2000,Female,0.079
Republic of Korea,2016,Both sexes,0.51
Republic of Korea,2016,Male,0.73
Republic of Korea,2016,Female,0.29
Republic of Korea,2015,Both sexes,0.53
Republic of Korea,2015,Male,0.75
Republic of Korea,2015,Female,0.3
Republic of Korea,2010,Both sexes,0.6
Republic of Korea,2010,Male,0.87
Republic of Korea,2010,Female,0.32
Republic of Korea,2005,Both sexes,0.66
Republic of Korea,2005,Male,0.94
Republic of Korea,2005,Female,0.39
Republic of Korea,2000,Both sexes,0.97
Republic of Korea,2000,Male,1.31
Republic of Korea,2000,Female,0.62
Republic of Moldova,2016,Both sexes,1.16
Republic of Moldova,2016,Male,1.68
Republic of Moldova,2016,Female,0.68
Republic of Moldova,2015,Both sexes,1.22
Republic of Moldova,2015,Male,1.75
Republic of Moldova,2015,Female,0.74
Republic of Moldova,2010,Both sexes,1.74
Republic of Moldova,2010,Male,2.59
Republic of Moldova,2010,Female,0.94
Republic of Moldova,2005,Both sexes,4.41
Republic of Moldova,2005,Male,6.92
Republic of Moldova,2005,Female,2.11
Republic of Moldova,2000,Both sexes,5.68
Republic of Moldova,2000,Male,8.61
Republic of Moldova,2000,Female,2.99
The former Yugoslav Republic of Macedonia,2016,Both sexes,0.37
The former Yugoslav Republic of Macedonia,2016,Male,0.46
The former Yugoslav Republic of Macedonia,2016,Female,0.27
The former Yugoslav Republic of Macedonia,2015,Both sexes,0.36
The former Yugoslav Republic of Macedonia,2015,Male,0.46
The former Yugoslav Republic of Macedonia,2015,Female,0.27
The former Yugoslav Republic of Macedonia,2010,Both sexes,0.44
The former Yugoslav Republic of Macedonia,2010,Male,0.58
The former Yugoslav Republic of Macedonia,2010,Female,0.3
The former Yugoslav Republic of Macedonia,2005,Both sexes,0.47
The former Yugoslav Republic of Macedonia,2005,Male,0.57
The former Yugoslav Republic of Macedonia,2005,Female,0.37
The former Yugoslav Republic of Macedonia,2000,Both sexes,0.47
The former Yugoslav Republic of Macedonia,2000,Male,0.53
The former Yugoslav Republic of Macedonia,2000,Female,0.41
Romania,2016,Both sexes,0.39
Romania,2016,Male,0.49
Romania,2016,Female,0.31
Romania,2015,Both sexes,0.4
Romania,2015,Male,0.5
Romania,2015,Female,0.32
Romania,2010,Both sexes,0.51
Romania,2010,Male,0.64
Romania,2010,Female,0.38
Romania,2005,Both sexes,0.66
Romania,2005,Male,0.82
Romania,2005,Female,0.51
Romania,2000,Both sexes,1.02
Romania,2000,Male,1.34
Romania,2000,Female,0.71
Russian Federation,2016,Both sexes,1.69
Russian Federation,2016,Male,2.7
Russian Federation,2016,Female,0.82
Russian Federation,2015,Both sexes,1.78
Russian Federation,2015,Male,2.82
Russian Federation,2015,Female,0.87
Russian Federation,2010,Both sexes,2.17
Russian Federation,2010,Male,3.48
Russian Federation,2010,Female,1.04
Russian Federation,2005,Both sexes,2.73
Russian Federation,2005,Male,4.36
Russian Federation,2005,Female,1.31
Russian Federation,2000,Both sexes,2.86
Russian Federation,2000,Male,4.56
Russian Federation,2000,Female,1.37
Rwanda,2016,Both sexes,2.37
Rwanda,2016,Male,3.25
Rwanda,2016,Female,1.52
Rwanda,2015,Both sexes,2.51
Rwanda,2015,Male,3.42
Rwanda,2015,Female,1.62
Rwanda,2010,Both sexes,3.63
Rwanda,2010,Male,4.8
Rwanda,2010,Female,2.49
Rwanda,2005,Both sexes,5.64
Rwanda,2005,Male,7.53
Rwanda,2005,Female,3.84
Rwanda,2000,Both sexes,7.71
Rwanda,2000,Male,9.87
Rwanda,2000,Female,5.65
Saint Lucia,2016,Both sexes,0.18
Saint Lucia,2016,Male,0.2
Saint Lucia,2016,Female,0.17
Saint Lucia,2015,Both sexes,0.18
Saint Lucia,2015,Male,0.19
Saint Lucia,2015,Female,0.17
Saint Lucia,2010,Both sexes,0.19
Saint Lucia,2010,Male,0.21
Saint Lucia,2010,Female,0.18
Saint Lucia,2005,Both sexes,0.21
Saint Lucia,2005,Male,0.24
Saint Lucia,2005,Female,0.19
Saint Lucia,2000,Both sexes,0.25
Saint Lucia,2000,Male,0.28
Saint Lucia,2000,Female,0.23
Saint Vincent and the Grenadines,2016,Both sexes,0.19
Saint Vincent and the Grenadines,2016,Male,0.21
Saint Vincent and the Grenadines,2016,Female,0.16
Saint Vincent and the Grenadines,2015,Both sexes,0.17
Saint Vincent and the Grenadines,2015,Male,0.18
Saint Vincent and the Grenadines,2015,Female,0.16
Saint Vincent and the Grenadines,2010,Both sexes,0.21
Saint Vincent and the Grenadines,2010,Male,0.23
Saint Vincent and the Grenadines,2010,Female,0.18
Saint Vincent and the Grenadines,2005,Both sexes,0.28
Saint Vincent and the Grenadines,2005,Male,0.34
Saint Vincent and the Grenadines,2005,Female,0.21
Saint Vincent and the Grenadines,2000,Both sexes,0.33
Saint Vincent and the Grenadines,2000,Male,0.4
Saint Vincent and the Grenadines,2000,Female,0.27
Samoa,2016,Both sexes,0.5
Samoa,2016,Male,0.71
Samoa,2016,Female,0.27
Samoa,2015,Both sexes,0.5
Samoa,2015,Male,0.73
Samoa,2015,Female,0.27
Samoa,2010,Both sexes,0.57
Samoa,2010,Male,0.83
Samoa,2010,Female,0.28
Samoa,2005,Both sexes,0.67
Samoa,2005,Male,1
Samoa,2005,Female,0.31
Samoa,2000,Both sexes,0.77
Samoa,2000,Male,1.14
Samoa,2000,Female,0.37
Sao Tome and Principe,2016,Both sexes,0.86
Sao Tome and Principe,2016,Male,1.6
Sao Tome and Principe,2016,Female,0.13
Sao Tome and Principe,2015,Both sexes,0.89
Sao Tome and Principe,2015,Male,1.65
Sao Tome and Principe,2015,Female,0.13
Sao Tome and Principe,2010,Both sexes,1.01
Sao Tome and Principe,2010,Male,1.87
Sao Tome and Principe,2010,Female,0.15
Sao Tome and Principe,2005,Both sexes,0.97
Sao Tome and Principe,2005,Male,1.81
Sao Tome and Principe,2005,Female,0.14
Sao Tome and Principe,2000,Both sexes,1.43
Sao Tome and Principe,2000,Male,2.68
Sao Tome and Principe,2000,Female,0.2
Saudi Arabia,2016,Both sexes,0.65
Saudi Arabia,2016,Male,0.76
Saudi Arabia,2016,Female,0.51
Saudi Arabia,2015,Both sexes,0.66
Saudi Arabia,2015,Male,0.77
Saudi Arabia,2015,Female,0.51
Saudi Arabia,2010,Both sexes,0.86
Saudi Arabia,2010,Male,1
Saudi Arabia,2010,Female,0.68
Saudi Arabia,2005,Both sexes,1
Saudi Arabia,2005,Male,1.18
Saudi Arabia,2005,Female,0.78
Saudi Arabia,2000,Both sexes,1.27
Saudi Arabia,2000,Male,1.54
Saudi Arabia,2000,Female,0.96
Senegal,2016,Both sexes,2.27
Senegal,2016,Male,2.99
Senegal,2016,Female,1.59
Senegal,2015,Both sexes,2.38
Senegal,2015,Male,3.1
Senegal,2015,Female,1.68
Senegal,2010,Both sexes,2.66
Senegal,2010,Male,3.35
Senegal,2010,Female,1.99
Senegal,2005,Both sexes,2.93
Senegal,2005,Male,3.73
Senegal,2005,Female,2.15
Senegal,2000,Both sexes,3.1
Senegal,2000,Male,3.97
Senegal,2000,Female,2.26
Serbia,2016,Both sexes,0.33
Serbia,2016,Male,0.43
Serbia,2016,Female,0.24
Serbia,2015,Both sexes,0.35
Serbia,2015,Male,0.45
Serbia,2015,Female,0.25
Serbia,2010,Both sexes,0.42
Serbia,2010,Male,0.56
Serbia,2010,Female,0.29
Serbia,2005,Both sexes,0.52
Serbia,2005,Male,0.71
Serbia,2005,Female,0.35
Serbia,2000,Both sexes,0.65
Serbia,2000,Male,0.89
Serbia,2000,Female,0.42
Seychelles,2016,Both sexes,0.56
Seychelles,2016,Male,0.65
Seychelles,2016,Female,0.48
Seychelles,2015,Both sexes,0.59
Seychelles,2015,Male,0.66
Seychelles,2015,Female,0.51
Seychelles,2010,Both sexes,0.66
Seychelles,2010,Male,0.76
Seychelles,2010,Female,0.55
Seychelles,2005,Both sexes,0.78
Seychelles,2005,Male,0.9
Seychelles,2005,Female,0.66
Seychelles,2000,Both sexes,0.8
Seychelles,2000,Male,0.9
Seychelles,2000,Female,0.7
Sierra Leone,2016,Both sexes,4.13
Sierra Leone,2016,Male,5.22
Sierra Leone,2016,Female,3.06
Sierra Leone,2015,Both sexes,4.15
Sierra Leone,2015,Male,5.26
Sierra Leone,2015,Female,3.06
Sierra Leone,2010,Both sexes,4.48
Sierra Leone,2010,Male,5.88
Sierra Leone,2010,Female,3.11
Sierra Leone,2005,Both sexes,5.03
Sierra Leone,2005,Male,6.92
Sierra Leone,2005,Female,3.18
Sierra Leone,2000,Both sexes,5.38
Sierra Leone,2000,Male,7.38
Sierra Leone,2000,Female,3.42
Singapore,2016,Both sexes,0.082
Singapore,2016,Male,0.087
Singapore,2016,Female,0.078
Singapore,2015,Both sexes,0.083
Singapore,2015,Male,0.087
Singapore,2015,Female,0.08
Singapore,2010,Both sexes,0.11
Singapore,2010,Male,0.13
Singapore,2010,Female,0.09
Singapore,2005,Both sexes,0.13
Singapore,2005,Male,0.17
Singapore,2005,Female,0.099
Singapore,2000,Both sexes,0.12
Singapore,2000,Male,0.16
Singapore,2000,Female,0.08
Slovakia,2016,Both sexes,0.36
Slovakia,2016,Male,0.47
Slovakia,2016,Female,0.25
Slovakia,2015,Both sexes,0.37
Slovakia,2015,Male,0.48
Slovakia,2015,Female,0.26
Slovakia,2010,Both sexes,0.49
Slovakia,2010,Male,0.67
Slovakia,2010,Female,0.32
Slovakia,2005,Both sexes,0.67
Slovakia,2005,Male,0.96
Slovakia,2005,Female,0.4
Slovakia,2000,Both sexes,0.72
Slovakia,2000,Male,1.08
Slovakia,2000,Female,0.38
Slovenia,2016,Both sexes,0.29
Slovenia,2016,Male,0.39
Slovenia,2016,Female,0.2
Slovenia,2015,Both sexes,0.32
Slovenia,2015,Male,0.43
Slovenia,2015,Female,0.21
Slovenia,2010,Both sexes,0.34
Slovenia,2010,Male,0.47
Slovenia,2010,Female,0.21
Slovenia,2005,Both sexes,0.51
Slovenia,2005,Male,0.72
Slovenia,2005,Female,0.3
Slovenia,2000,Both sexes,0.66
Slovenia,2000,Male,0.99
Slovenia,2000,Female,0.34
Solomon Islands,2016,Both sexes,0.94
Solomon Islands,2016,Male,1.42
Solomon Islands,2016,Female,0.44
Solomon Islands,2015,Both sexes,0.96
Solomon Islands,2015,Male,1.46
Solomon Islands,2015,Female,0.45
Solomon Islands,2010,Both sexes,1.16
Solomon Islands,2010,Male,1.77
Solomon Islands,2010,Female,0.54
Solomon Islands,2005,Both sexes,1.31
Solomon Islands,2005,Male,1.96
Solomon Islands,2005,Female,0.63
Solomon Islands,2000,Both sexes,1.57
Solomon Islands,2000,Male,2.28
Solomon Islands,2000,Female,0.81
Somalia,2016,Both sexes,4.58
Somalia,2016,Male,5.93
Somalia,2016,Female,3.23
Somalia,2015,Both sexes,4.75
Somalia,2015,Male,6.15
Somalia,2015,Female,3.35
Somalia,2010,Both sexes,4.95
Somalia,2010,Male,6.42
Somalia,2010,Female,3.49
Somalia,2005,Both sexes,5.18
Somalia,2005,Male,6.73
Somalia,2005,Female,3.63
Somalia,2000,Both sexes,5.14
Somalia,2000,Male,6.67
Somalia,2000,Female,3.59
South Africa,2016,Both sexes,1.24
South Africa,2016,Male,1.35
South Africa,2016,Female,1.13
South Africa,2015,Both sexes,1.29
South Africa,2015,Male,1.41
South Africa,2015,Female,1.17
South Africa,2010,Both sexes,1.29
South Africa,2010,Male,1.39
South Africa,2010,Female,1.19
South Africa,2005,Both sexes,1.05
South Africa,2005,Male,1.13
South Africa,2005,Female,0.98
South Africa,2000,Both sexes,1.07
South Africa,2000,Male,1.12
South Africa,2000,Female,1.01
South Sudan,2016,Both sexes,3.99
South Sudan,2016,Male,5.29
South Sudan,2016,Female,2.68
South Sudan,2015,Both sexes,4.03
South Sudan,2015,Male,5.37
South Sudan,2015,Female,2.68
South Sudan,2010,Both sexes,4.76
South Sudan,2010,Male,6.41
South Sudan,2010,Female,3.11
South Sudan,2005,Both sexes,5.5
South Sudan,2005,Male,7.49
South Sudan,2005,Female,3.53
South Sudan,2000,Both sexes,6.14
South Sudan,2000,Male,8.23
South Sudan,2000,Female,4.07
Spain,2016,Both sexes,0.2
Spain,2016,Male,0.2
Spain,2016,Female,0.2
Spain,2015,Both sexes,0.22
Spain,2015,Male,0.22
Spain,2015,Female,0.21
Spain,2010,Both sexes,0.2
Spain,2010,Male,0.21
Spain,2010,Female,0.19
Spain,2005,Both sexes,0.23
Spain,2005,Male,0.26
Spain,2005,Female,0.19
Spain,2000,Both sexes,0.31
Spain,2000,Male,0.41
Spain,2000,Female,0.22
Sri Lanka,2016,Both sexes,0.42
Sri Lanka,2016,Male,0.55
Sri Lanka,2016,Female,0.3
Sri Lanka,2015,Both sexes,0.42
Sri Lanka,2015,Male,0.54
Sri Lanka,2015,Female,0.3
Sri Lanka,2010,Both sexes,0.42
Sri Lanka,2010,Male,0.54
Sri Lanka,2010,Female,0.31
Sri Lanka,2005,Both sexes,0.62
Sri Lanka,2005,Male,0.7
Sri Lanka,2005,Female,0.55
Sri Lanka,2000,Both sexes,0.64
Sri Lanka,2000,Male,0.78
Sri Lanka,2000,Female,0.5
Sudan,2016,Both sexes,3.93
Sudan,2016,Male,4.97
Sudan,2016,Female,2.88
Sudan,2015,Both sexes,4.08
Sudan,2015,Male,5.21
Sudan,2015,Female,2.96
Sudan (until 2011),2010,Both sexes,4.51
Sudan (until 2011),2010,Male,5.85
Sudan (until 2011),2010,Female,3.17
Sudan (until 2011),2005,Both sexes,5.35
Sudan (until 2011),2005,Male,7.18
Sudan (until 2011),2005,Female,3.5
Sudan (until 2011),2000,Both sexes,6.27
Sudan (until 2011),2000,Male,8.63
Sudan (until 2011),2000,Female,3.9
Suriname,2016,Both sexes,0.37
Suriname,2016,Male,0.44
Suriname,2016,Female,0.31
Suriname,2015,Both sexes,0.38
Suriname,2015,Male,0.45
Suriname,2015,Female,0.31
Suriname,2010,Both sexes,0.46
Suriname,2010,Male,0.56
Suriname,2010,Female,0.37
Suriname,2005,Both sexes,0.55
Suriname,2005,Male,0.7
Suriname,2005,Female,0.39
Suriname,2000,Both sexes,0.65
Suriname,2000,Male,0.82
Suriname,2000,Female,0.48
Sweden,2016,Both sexes,0.38
Sweden,2016,Male,0.5
Sweden,2016,Female,0.27
Sweden,2015,Both sexes,0.41
Sweden,2015,Male,0.53
Sweden,2015,Female,0.28
Sweden,2010,Both sexes,0.38
Sweden,2010,Male,0.5
Sweden,2010,Female,0.27
Sweden,2005,Both sexes,0.37
Sweden,2005,Male,0.48
Sweden,2005,Female,0.26
Sweden,2000,Both sexes,0.41
Sweden,2000,Male,0.55
Sweden,2000,Female,0.28
Switzerland,2016,Both sexes,0.096
Switzerland,2016,Male,0.1
Switzerland,2016,Female,0.093
Switzerland,2015,Both sexes,0.099
Switzerland,2015,Male,0.1
Switzerland,2015,Female,0.095
Switzerland,2010,Both sexes,0.11
Switzerland,2010,Male,0.12
Switzerland,2010,Female,0.11
Switzerland,2005,Both sexes,0.12
Switzerland,2005,Male,0.13
Switzerland,2005,Female,0.11
Switzerland,2000,Both sexes,0.14
Switzerland,2000,Male,0.16
Switzerland,2000,Female,0.13
Syrian Arab Republic,2016,Both sexes,0.38
Syrian Arab Republic,2016,Male,0.36
Syrian Arab Republic,2016,Female,0.4
Syrian Arab Republic,2015,Both sexes,0.37
Syrian Arab Republic,2015,Male,0.36
Syrian Arab Republic,2015,Female,0.39
Syrian Arab Republic,2010,Both sexes,0.39
Syrian Arab Republic,2010,Male,0.39
Syrian Arab Republic,2010,Female,0.4
Syrian Arab Republic,2005,Both sexes,0.43
Syrian Arab Republic,2005,Male,0.45
Syrian Arab Republic,2005,Female,0.41
Syrian Arab Republic,2000,Both sexes,0.44
Syrian Arab Republic,2000,Male,0.47
Syrian Arab Republic,2000,Female,0.41
Tajikistan,2016,Both sexes,1.18
Tajikistan,2016,Male,1.42
Tajikistan,2016,Female,0.94
Tajikistan,2015,Both sexes,1.21
Tajikistan,2015,Male,1.45
Tajikistan,2015,Female,0.98
Tajikistan,2010,Both sexes,1.28
Tajikistan,2010,Male,1.51
Tajikistan,2010,Female,1.05
Tajikistan,2005,Both sexes,1.35
Tajikistan,2005,Male,1.6
Tajikistan,2005,Female,1.09
Tajikistan,2000,Both sexes,2.24
Tajikistan,2000,Male,3.02
Tajikistan,2000,Female,1.46
Thailand,2016,Both sexes,0.41
Thailand,2016,Male,0.49
Thailand,2016,Female,0.33
Thailand,2015,Both sexes,0.41
Thailand,2015,Male,0.49
Thailand,2015,Female,0.34
Thailand,2010,Both sexes,0.44
Thailand,2010,Male,0.52
Thailand,2010,Female,0.36
Thailand,2005,Both sexes,0.4
Thailand,2005,Male,0.49
Thailand,2005,Female,0.31
Thailand,2000,Both sexes,0.46
Thailand,2000,Male,0.57
Thailand,2000,Female,0.35
Timor-Leste,2016,Both sexes,0.43
Timor-Leste,2016,Male,0.48
Timor-Leste,2016,Female,0.37
Timor-Leste,2015,Both sexes,0.44
Timor-Leste,2015,Male,0.49
Timor-Leste,2015,Female,0.38
Timor-Leste,2010,Both sexes,0.63
Timor-Leste,2010,Male,0.75
Timor-Leste,2010,Female,0.51
Timor-Leste,2005,Both sexes,0.88
Timor-Leste,2005,Male,1.06
Timor-Leste,2005,Female,0.7
Timor-Leste,2000,Both sexes,1.46
Timor-Leste,2000,Male,1.81
Timor-Leste,2000,Female,1.11
Togo,2016,Both sexes,2.39
Togo,2016,Male,2.95
Togo,2016,Female,1.84
Togo,2015,Both sexes,2.46
Togo,2015,Male,3.05
Togo,2015,Female,1.87
Togo,2010,Both sexes,2.39
Togo,2010,Male,3.03
Togo,2010,Female,1.75
Togo,2005,Both sexes,2.45
Togo,2005,Male,3.16
Togo,2005,Female,1.75
Togo,2000,Both sexes,2.78
Togo,2000,Male,3.65
Togo,2000,Female,1.92
Tonga,2016,Both sexes,1.33
Tonga,2016,Male,1.51
Tonga,2016,Female,1.15
Tonga,2015,Both sexes,1.37
Tonga,2015,Male,1.53
Tonga,2015,Female,1.21
Tonga,2010,Both sexes,1.47
Tonga,2010,Male,1.7
Tonga,2010,Female,1.23
Tonga,2005,Both sexes,1.34
Tonga,2005,Male,1.61
Tonga,2005,Female,1.07
Tonga,2000,Both sexes,1.44
Tonga,2000,Male,1.69
Tonga,2000,Female,1.18
Trinidad and Tobago,2016,Both sexes,0.24
Trinidad and Tobago,2016,Male,0.26
Trinidad and Tobago,2016,Female,0.22
Trinidad and Tobago,2015,Both sexes,0.25
Trinidad and Tobago,2015,Male,0.26
Trinidad and Tobago,2015,Female,0.23
Trinidad and Tobago,2010,Both sexes,0.25
Trinidad and Tobago,2010,Male,0.23
Trinidad and Tobago,2010,Female,0.26
Trinidad and Tobago,2005,Both sexes,0.23
Trinidad and Tobago,2005,Male,0.23
Trinidad and Tobago,2005,Female,0.22
Trinidad and Tobago,2000,Both sexes,0.32
Trinidad and Tobago,2000,Male,0.39
Trinidad and Tobago,2000,Female,0.24
Tunisia,2016,Both sexes,0.46
Tunisia,2016,Male,0.53
Tunisia,2016,Female,0.4
Tunisia,2015,Both sexes,0.48
Tunisia,2015,Male,0.55
Tunisia,2015,Female,0.42
Tunisia,2010,Both sexes,0.6
Tunisia,2010,Male,0.71
Tunisia,2010,Female,0.48
Tunisia,2005,Both sexes,0.75
Tunisia,2005,Male,0.93
Tunisia,2005,Female,0.57
Tunisia,2000,Both sexes,0.97
Tunisia,2000,Male,1.19
Tunisia,2000,Female,0.75
Turkey,2016,Both sexes,0.31
Turkey,2016,Male,0.4
Turkey,2016,Female,0.22
Turkey,2015,Both sexes,0.32
Turkey,2015,Male,0.41
Turkey,2015,Female,0.23
Turkey,2010,Both sexes,0.47
Turkey,2010,Male,0.59
Turkey,2010,Female,0.36
Turkey,2005,Both sexes,0.56
Turkey,2005,Male,0.75
Turkey,2005,Female,0.38
Turkey,2000,Both sexes,0.69
Turkey,2000,Male,1.06
Turkey,2000,Female,0.33
Turkmenistan,2016,Both sexes,0.74
Turkmenistan,2016,Male,0.9
Turkmenistan,2016,Female,0.59
Turkmenistan,2015,Both sexes,0.8
Turkmenistan,2015,Male,0.98
Turkmenistan,2015,Female,0.62
Turkmenistan,2010,Both sexes,0.88
Turkmenistan,2010,Male,1.1
Turkmenistan,2010,Female,0.66
Turkmenistan,2005,Both sexes,1.16
Turkmenistan,2005,Male,1.59
Turkmenistan,2005,Female,0.75
Turkmenistan,2000,Both sexes,1.05
Turkmenistan,2000,Male,1.43
Turkmenistan,2000,Female,0.69
Uganda,2016,Both sexes,3.18
Uganda,2016,Male,4.01
Uganda,2016,Female,2.36
Uganda,2015,Both sexes,3.3
Uganda,2015,Male,4.16
Uganda,2015,Female,2.45
Uganda,2010,Both sexes,3.53
Uganda,2010,Male,4.49
Uganda,2010,Female,2.58
Uganda,2005,Both sexes,3.88
Uganda,2005,Male,5.06
Uganda,2005,Female,2.72
Uganda,2000,Both sexes,4.35
Uganda,2000,Male,5.73
Uganda,2000,Female,3
Ukraine,2016,Both sexes,2.55
Ukraine,2016,Male,4.27
Ukraine,2016,Female,1.06
Ukraine,2015,Both sexes,2.65
Ukraine,2015,Male,4.43
Ukraine,2015,Female,1.12
Ukraine,2010,Both sexes,2.95
Ukraine,2010,Male,4.94
Ukraine,2010,Female,1.23
Ukraine,2005,Both sexes,5.11
Ukraine,2005,Male,8.65
Ukraine,2005,Female,2.05
Ukraine,2000,Both sexes,7.6
Ukraine,2000,Male,12.96
Ukraine,2000,Female,2.92
United Arab Emirates,2016,Both sexes,0.26
United Arab Emirates,2016,Male,0.23
United Arab Emirates,2016,Female,0.35
United Arab Emirates,2015,Both sexes,0.26
United Arab Emirates,2015,Male,0.23
United Arab Emirates,2015,Female,0.35
United Arab Emirates,2010,Both sexes,0.3
United Arab Emirates,2010,Male,0.26
United Arab Emirates,2010,Female,0.4
United Arab Emirates,2005,Both sexes,0.31
United Arab Emirates,2005,Male,0.26
United Arab Emirates,2005,Female,0.45
United Arab Emirates,2000,Both sexes,0.49
United Arab Emirates,2000,Male,0.39
United Arab Emirates,2000,Female,0.7
United Kingdom of Great Britain and Northern Ireland,2016,Both sexes,0.23
United Kingdom of Great Britain and Northern Ireland,2016,Male,0.27
United Kingdom of Great Britain and Northern Ireland,2016,Female,0.2
United Kingdom of Great Britain and Northern Ireland,2015,Both sexes,0.26
United Kingdom of Great Britain and Northern Ireland,2015,Male,0.29
United Kingdom of Great Britain and Northern Ireland,2015,Female,0.23
United Kingdom of Great Britain and Northern Ireland,2010,Both sexes,0.28
United Kingdom of Great Britain and Northern Ireland,2010,Male,0.31
United Kingdom of Great Britain and Northern Ireland,2010,Female,0.24
United Kingdom of Great Britain and Northern Ireland,2005,Both sexes,0.3
United Kingdom of Great Britain and Northern Ireland,2005,Male,0.32
United Kingdom of Great Britain and Northern Ireland,2005,Female,0.27
United Kingdom of Great Britain and Northern Ireland,2000,Both sexes,0.5
United Kingdom of Great Britain and Northern Ireland,2000,Male,0.58
United Kingdom of Great Britain and Northern Ireland,2000,Female,0.41
United Republic of Tanzania,2016,Both sexes,2.69
United Republic of Tanzania,2016,Male,3.24
United Republic of Tanzania,2016,Female,2.16
United Republic of Tanzania,2015,Both sexes,2.79
United Republic of Tanzania,2015,Male,3.36
United Republic of Tanzania,2015,Female,2.25
United Republic of Tanzania,2010,Both sexes,2.77
United Republic of Tanzania,2010,Male,3.32
United Republic of Tanzania,2010,Female,2.23
United Republic of Tanzania,2005,Both sexes,2.71
United Republic of Tanzania,2005,Male,3.29
United Republic of Tanzania,2005,Female,2.14
United Republic of Tanzania,2000,Both sexes,3.1
United Republic of Tanzania,2000,Male,3.81
United Republic of Tanzania,2000,Female,2.39
United States of America,2016,Both sexes,0.9
United States of America,2016,Male,0.98
United States of America,2016,Female,0.83
United States of America,2015,Both sexes,0.9
United States of America,2015,Male,0.97
United States of America,2015,Female,0.82
United States of America,2010,Both sexes,0.9
United States of America,2010,Male,0.97
United States of America,2010,Female,0.84
United States of America,2005,Both sexes,0.83
United States of America,2005,Male,0.93
United States of America,2005,Female,0.74
United States of America,2000,Both sexes,0.71
United States of America,2000,Male,0.85
United States of America,2000,Female,0.57
Uruguay,2016,Both sexes,0.41
Uruguay,2016,Male,0.56
Uruguay,2016,Female,0.27
Uruguay,2015,Both sexes,0.4
Uruguay,2015,Male,0.55
Uruguay,2015,Female,0.27
Uruguay,2010,Both sexes,0.4
Uruguay,2010,Male,0.54
Uruguay,2010,Female,0.27
Uruguay,2005,Both sexes,0.44
Uruguay,2005,Male,0.61
Uruguay,2005,Female,0.29
Uruguay,2000,Both sexes,0.57
Uruguay,2000,Male,0.83
Uruguay,2000,Female,0.33
Uzbekistan,2016,Both sexes,1.03
Uzbekistan,2016,Male,1.54
Uzbekistan,2016,Female,0.53
Uzbekistan,2015,Both sexes,1.09
Uzbekistan,2015,Male,1.63
Uzbekistan,2015,Female,0.56
Uzbekistan,2010,Both sexes,1.18
Uzbekistan,2010,Male,1.77
Uzbekistan,2010,Female,0.6
Uzbekistan,2005,Both sexes,1.19
Uzbekistan,2005,Male,1.8
Uzbekistan,2005,Female,0.59
Uzbekistan,2000,Both sexes,1.23
Uzbekistan,2000,Male,1.88
Uzbekistan,2000,Female,0.59
Vanuatu,2016,Both sexes,0.85
Vanuatu,2016,Male,1.32
Vanuatu,2016,Female,0.36
Vanuatu,2015,Both sexes,0.86
Vanuatu,2015,Male,1.34
Vanuatu,2015,Female,0.37
Vanuatu,2010,Both sexes,0.98
Vanuatu,2010,Male,1.52
Vanuatu,2010,Female,0.42
Vanuatu,2005,Both sexes,1.07
Vanuatu,2005,Male,1.67
Vanuatu,2005,Female,0.45
Vanuatu,2000,Both sexes,1.28
Vanuatu,2000,Male,1.96
Vanuatu,2000,Female,0.57
Venezuela (Bolivarian Republic of),2016,Both sexes,0.29
Venezuela (Bolivarian Republic of),2016,Male,0.39
Venezuela (Bolivarian Republic of),2016,Female,0.19
Venezuela (Bolivarian Republic of),2015,Both sexes,0.3
Venezuela (Bolivarian Republic of),2015,Male,0.4
Venezuela (Bolivarian Republic of),2015,Female,0.2
Venezuela (Bolivarian Republic of),2010,Both sexes,0.34
Venezuela (Bolivarian Republic of),2010,Male,0.44
Venezuela (Bolivarian Republic of),2010,Female,0.23
Venezuela (Bolivarian Republic of),2005,Both sexes,0.44
Venezuela (Bolivarian Republic of),2005,Male,0.6
Venezuela (Bolivarian Republic of),2005,Female,0.29
Venezuela (Bolivarian Republic of),2000,Both sexes,0.52
Venezuela (Bolivarian Republic of),2000,Male,0.73
Venezuela (Bolivarian Republic of),2000,Female,0.31
Viet Nam,2016,Both sexes,0.92
Viet Nam,2016,Male,1.71
Viet Nam,2016,Female,0.14
Viet Nam,2015,Both sexes,0.93
Viet Nam,2015,Male,1.74
Viet Nam,2015,Female,0.14
Viet Nam,2010,Both sexes,1.01
Viet Nam,2010,Male,1.9
Viet Nam,2010,Female,0.14
Viet Nam,2005,Both sexes,1.02
Viet Nam,2005,Male,1.92
Viet Nam,2005,Female,0.14
Viet Nam,2000,Both sexes,1.08
Viet Nam,2000,Male,2.02
Viet Nam,2000,Female,0.16
Yemen,2016,Both sexes,3.77
Yemen,2016,Male,4.81
Yemen,2016,Female,2.71
Yemen,2015,Both sexes,3.74
Yemen,2015,Male,4.75
Yemen,2015,Female,2.71
Yemen,2010,Both sexes,4.22
Yemen,2010,Male,5.4
Yemen,2010,Female,3.01
Yemen,2005,Both sexes,5.1
Yemen,2005,Male,6.68
Yemen,2005,Female,3.49
Yemen,2000,Both sexes,6.19
Yemen,2000,Male,8.43
Yemen,2000,Female,3.9
Zambia,2016,Both sexes,2.94
Zambia,2016,Male,3.78
Zambia,2016,Female,2.12
Zambia,2015,Both sexes,3.06
Zambia,2015,Male,3.92
Zambia,2015,Female,2.22
Zambia,2010,Both sexes,3.55
Zambia,2010,Male,4.48
Zambia,2010,Female,2.63
Zambia,2005,Both sexes,3.79
Zambia,2005,Male,4.84
Zambia,2005,Female,2.76
Zambia,2000,Both sexes,4.38
Zambia,2000,Male,5.72
Zambia,2000,Female,3.07
Zimbabwe,2016,Both sexes,2.23
Zimbabwe,2016,Male,2.18
Zimbabwe,2016,Female,2.28
Zimbabwe,2015,Both sexes,2.37
Zimbabwe,2015,Male,2.33
Zimbabwe,2015,Female,2.41
Zimbabwe,2010,Both sexes,2.55
Zimbabwe,2010,Male,2.62
Zimbabwe,2010,Female,2.49
Zimbabwe,2005,Both sexes,2.73
Zimbabwe,2005,Male,2.85
Zimbabwe,2005,Female,2.62
Zimbabwe,2000,Both sexes,3.44
Zimbabwe,2000,Male,3.75
Zimbabwe,2000,Female,3.15